Algorithm 1,Algorithm 2,statistic,p-value,sig
logistic_regression,decision_tree,25.5,0.03466378771681329,*
logistic_regression,random_forest,2.0,0.00016068788746678934,*
logistic_regression,naive_bayes,0.0,8.981125249535405e-05,*
logistic_regression,XGB,36.5,0.1622373951345702,
logistic_regression,LGB,23.5,0.024384370507306453,*
logistic_regression,SVM,0.0,8.930724418684081e-05,*
logistic_regression,ANN,0.0,9.031736040376755e-05,*
logistic_regression,LCS,7.0,0.0006383063155334689,*
logistic_regression,LCS_QRF,0.0,8.930724418684081e-05,*
decision_tree,random_forest,2.0,0.00016237095669092841,*
decision_tree,naive_bayes,0.0,9.082557304573249e-05,*
decision_tree,XGB,16.5,0.006272286922351644,*
decision_tree,LGB,15.5,0.005054285964439421,*
decision_tree,SVM,0.0,9.031736040376755e-05,*
decision_tree,ANN,0.0,9.133589555477501e-05,*
decision_tree,LCS,4.0,0.00028451710911023807,*
decision_tree,LCS_QRF,0.0,9.031736040376755e-05,*
random_forest,naive_bayes,2.0,0.00016152784630592805,*
random_forest,XGB,9.0,0.001084258032052655,*
random_forest,LGB,16.0,0.005603477398825205,*
random_forest,SVM,43.0,0.31106343339050146,
random_forest,ANN,3.0,0.00021332535136040352,*
random_forest,LCS,38.0,0.19107816388912086,
random_forest,LCS_QRF,0.0,8.880533034448187e-05,*
naive_bayes,XGB,0.0,9.031736040376755e-05,*
naive_bayes,LGB,0.0,9.031736040376755e-05,*
naive_bayes,SVM,4.5,0.0003286377706240353,*
naive_bayes,ANN,24.0,0.026906183006072715,*
naive_bayes,LCS,10.0,0.0013072052904331297,*
naive_bayes,LCS_QRF,1.0,0.0001210868928692622,*
XGB,LGB,44.0,0.3385632228238026,
XGB,SVM,5.0,0.0003738038749804334,*
XGB,ANN,0.0,9.082557304573249e-05,*
XGB,LCS,17.0,0.006901889729060753,*
XGB,LCS_QRF,0.0,8.981125249535405e-05,*
LGB,SVM,6.0,0.000497377801365362,*
LGB,ANN,0.0,9.082557304573249e-05,*
LGB,LCS,15.0,0.004437606993653193,*
LGB,LCS_QRF,0.0,8.981125249535405e-05,*
SVM,ANN,4.5,0.0003301869616461375,*
SVM,LCS,48.5,0.46978064593663993,
SVM,LCS_QRF,0.0,8.930724418684081e-05,*
ANN,LCS,6.5,0.0005612960471292895,*
ANN,LCS_QRF,6.5,0.0005686277134607697,*
LCS,LCS_QRF,0.0,8.780776552295432e-05,*
