Algorithm 1,Algorithm 2,statistic,p-value,sig
logistic_regression,decision_tree,22.0,0.01881765689365712,*
logistic_regression,random_forest,13.0,0.0028884892918371497,*
logistic_regression,naive_bayes,11.0,0.0018052571561648014,*
logistic_regression,XGB,38.0,0.19233653136775436,
logistic_regression,LGB,25.5,0.03476872501849061,*
logistic_regression,SVM,31.0,0.08098620524006306,
logistic_regression,ANN,22.0,0.01881765689365712,*
logistic_regression,LCS,23.0,0.022577284812139504,*
logistic_regression,LCS_QRF,0.0,9.082557304573249e-05,*
decision_tree,random_forest,5.0,0.0003825114754596801,*
decision_tree,naive_bayes,4.0,0.00029141997158963715,*
decision_tree,XGB,13.0,0.002897679272167355,*
decision_tree,LGB,9.5,0.001243769329046801,*
decision_tree,SVM,36.5,0.1627847033704996,
decision_tree,ANN,10.0,0.0014136360455584039,*
decision_tree,LCS,10.5,0.0015928245399472267,*
decision_tree,LCS_QRF,0.0,9.082557304573249e-05,*
random_forest,naive_bayes,49.0,0.4849193207024165,
random_forest,XGB,17.0,0.0069916288734652565,*
random_forest,LGB,24.0,0.026906183006072715,*
random_forest,SVM,10.0,0.0014084528140968727,*
random_forest,ANN,36.0,0.15365376636235417,
random_forest,LCS,46.0,0.3956300532015894,
random_forest,LCS_QRF,0.0,9.031736040376755e-05,*
naive_bayes,XGB,21.0,0.015604506385870109,*
naive_bayes,LGB,24.5,0.029343340635131856,*
naive_bayes,SVM,9.0,0.0011011099712485391,*
naive_bayes,ANN,40.0,0.23633779675579358,
naive_bayes,LCS,45.0,0.3668649978481236,
naive_bayes,LCS_QRF,2.0,0.00016406665741007116,*
XGB,LGB,40.0,0.23633779675579358,
XGB,SVM,22.0,0.01881765689365712,*
XGB,ANN,25.0,0.032011050641513446,*
XGB,LCS,30.0,0.07023252407917747,
XGB,LCS_QRF,0.0,9.082557304573249e-05,*
LGB,SVM,20.5,0.014153021614161699,*
LGB,ANN,26.0,0.03783078607194352,*
LGB,LCS,36.0,0.15374472830934066,
LGB,LCS_QRF,0.0,9.082557304573249e-05,*
SVM,ANN,16.0,0.005664848342237332,*
SVM,LCS,18.0,0.008628728041559883,*
SVM,LCS_QRF,0.0,9.082557304573249e-05,*
ANN,LCS,33.0,0.10614691809616578,
ANN,LCS_QRF,7.0,0.0006547115618857164,*
LCS,LCS_QRF,0.0,9.082557304573249e-05,*
