Algorithm 1,Algorithm 2,statistic,p-value,sig
logistic_regression,decision_tree,25.0,0.032011050641513446,*
logistic_regression,random_forest,29.0,0.060542291715160866,
logistic_regression,naive_bayes,13.0,0.002897679272167355,*
logistic_regression,XGB,45.0,0.3668649978481236,
logistic_regression,LGB,36.5,0.1627847033704996,
logistic_regression,SVM,8.0,0.0008531246844597982,*
logistic_regression,ANN,0.0,9.133589555477501e-05,*
logistic_regression,LCS,41.0,0.26026144163788634,
logistic_regression,LCS_QRF,1.0,0.00012306406395261486,*
decision_tree,random_forest,13.0,0.0028884892918371497,*
decision_tree,naive_bayes,33.0,0.10614691809616578,
decision_tree,XGB,18.0,0.008628728041559883,*
decision_tree,LGB,18.5,0.009532407340967141,*
decision_tree,SVM,9.0,0.0011011099712485391,*
decision_tree,ANN,0.0,9.133589555477501e-05,*
decision_tree,LCS,32.0,0.09293836618293788,
decision_tree,LCS_QRF,6.0,0.0005039881201883722,*
random_forest,naive_bayes,5.0,0.0003825114754596801,*
random_forest,XGB,35.5,0.1447777717080838,
random_forest,LGB,45.0,0.3668168218839343,
random_forest,SVM,5.0,0.0003825114754596801,*
random_forest,ANN,0.0,9.082557304573249e-05,*
random_forest,LCS,29.0,0.060542291715160866,
random_forest,LCS_QRF,1.0,0.00012240241226222747,*
naive_bayes,XGB,7.0,0.0006574723348566069,*
naive_bayes,LGB,8.0,0.0008531246844597982,*
naive_bayes,SVM,18.0,0.008628728041559883,*
naive_bayes,ANN,6.0,0.0005039881201883722,*
naive_bayes,LCS,18.0,0.008628728041559883,*
naive_bayes,LCS_QRF,8.0,0.0008531246844597982,*
XGB,LGB,44.0,0.33879247897623777,
XGB,SVM,6.0,0.0005039881201883722,*
XGB,ANN,0.0,9.133589555477501e-05,*
XGB,LCS,36.0,0.15374472830934066,
XGB,LCS_QRF,1.0,0.00012306406395261486,*
LGB,SVM,5.0,0.00038426945658138323,*
LGB,ANN,0.0,9.133589555477501e-05,*
LGB,LCS,31.0,0.08098620524006306,
LGB,LCS_QRF,1.0,0.00012306406395261486,*
SVM,ANN,46.0,0.3956683900503302,
SVM,LCS,9.0,0.0011011099712485391,*
SVM,LCS_QRF,27.0,0.04448650585090664,*
ANN,LCS,0.0,9.133589555477501e-05,*
ANN,LCS_QRF,28.0,0.05205494483011341,
LCS,LCS_QRF,2.0,0.00016491926038899677,*
