Algorithm 1,Algorithm 2,statistic,p-value,sig
logistic_regression,decision_tree,25.0,0.03191109209591804,*
logistic_regression,random_forest,0.0,8.830550583446751e-05,*
logistic_regression,naive_bayes,0.0,8.930724418684081e-05,*
logistic_regression,XGB,26.5,0.04076175274982995,*
logistic_regression,LGB,19.5,0.011463822085050044,*
logistic_regression,SVM,0.0,8.930724418684081e-05,*
logistic_regression,ANN,0.0,8.880533034448187e-05,*
logistic_regression,LCS,0.0,8.930724418684081e-05,*
logistic_regression,LCS_QRF,0.0,8.880533034448187e-05,*
decision_tree,random_forest,7.0,0.000646474826756181,*
decision_tree,naive_bayes,0.0,9.031736040376755e-05,*
decision_tree,XGB,18.5,0.009532407340967141,*
decision_tree,LGB,17.5,0.007665850240141154,*
decision_tree,SVM,1.0,0.00012174335714866438,*
decision_tree,ANN,0.0,8.981125249535405e-05,*
decision_tree,LCS,4.0,0.00028864501379232104,*
decision_tree,LCS_QRF,0.0,8.981125249535405e-05,*
random_forest,naive_bayes,0.0,8.830550583446751e-05,*
random_forest,XGB,4.0,0.00028588848272258617,*
random_forest,LGB,2.0,0.0001573594408376017,*
random_forest,SVM,5.0,0.0003738038749804334,*
random_forest,ANN,0.0,8.780776552295432e-05,*
random_forest,LCS,30.0,0.06926082718457056,
random_forest,LCS_QRF,0.0,8.780776552295432e-05,*
naive_bayes,XGB,0.0,9.031736040376755e-05,*
naive_bayes,LGB,0.0,8.780776552295432e-05,*
naive_bayes,SVM,21.5,0.016675599635241213,*
naive_bayes,ANN,3.0,0.00021119119895062752,*
naive_bayes,LCS,0.0,8.930724418684081e-05,*
naive_bayes,LCS_QRF,0.0,8.880533034448187e-05,*
XGB,LGB,45.0,0.36652666439002135,
XGB,SVM,0.0,9.031736040376755e-05,*
XGB,ANN,0.0,8.981125249535405e-05,*
XGB,LCS,4.5,0.0003301869616461375,*
XGB,LCS_QRF,0.0,8.981125249535405e-05,*
LGB,SVM,0.0,8.780776552295432e-05,*
LGB,ANN,0.0,8.731210427609613e-05,*
LGB,LCS,4.5,0.0003149200297251719,*
LGB,LCS_QRF,0.0,8.731210427609613e-05,*
SVM,ANN,0.0,8.880533034448187e-05,*
SVM,LCS,8.0,0.0008394681373986888,*
SVM,LCS_QRF,0.0,8.880533034448187e-05,*
ANN,LCS,0.0,8.880533034448187e-05,*
ANN,LCS_QRF,0.0,8.830550583446751e-05,*
LCS,LCS_QRF,0.0,8.880533034448187e-05,*
