Algorithm 1,Algorithm 2,statistic,p-value,sig
logistic_regression,decision_tree,13.0,0.002897679272167355,*
logistic_regression,random_forest,26.0,0.03783078607194352,*
logistic_regression,naive_bayes,16.0,0.005664848342237332,*
logistic_regression,XGB,41.0,0.26026144163788634,
logistic_regression,LGB,44.0,0.33879247897623777,
logistic_regression,SVM,3.0,0.00021981937631328227,*
logistic_regression,ANN,10.0,0.0014136360455584039,*
logistic_regression,LCS,50.0,0.4849249884965778,
logistic_regression,LCS_QRF,30.0,0.07023252407917747,
decision_tree,random_forest,7.0,0.0006574723348566069,*
decision_tree,naive_bayes,23.0,0.022577284812139504,*
decision_tree,XGB,9.0,0.0011011099712485391,*
decision_tree,LGB,17.0,0.007009638556979976,*
decision_tree,SVM,16.0,0.005664848342237332,*
decision_tree,ANN,49.0,0.4849249884965778,
decision_tree,LCS,19.0,0.01056696406458055,*
decision_tree,LCS_QRF,31.0,0.08098620524006306,
random_forest,naive_bayes,4.0,0.00029141997158963715,*
random_forest,XGB,41.0,0.26026144163788634,
random_forest,LGB,23.0,0.022577284812139504,*
random_forest,SVM,1.0,0.00012306406395261486,*
random_forest,ANN,4.0,0.00029141997158963715,*
random_forest,LCS,37.0,0.1723521110034788,
random_forest,LCS_QRF,19.0,0.01056696406458055,*
naive_bayes,XGB,18.0,0.008628728041559883,*
naive_bayes,LGB,28.0,0.05205494483011341,
naive_bayes,SVM,9.0,0.0011011099712485391,*
naive_bayes,ANN,29.0,0.06061225150645831,
naive_bayes,LCS,31.0,0.08098620524006306,
naive_bayes,LCS_QRF,47.0,0.42505336956926293,
XGB,LGB,34.0,0.12066079650859002,
XGB,SVM,5.0,0.00038426945658138323,*
XGB,ANN,11.0,0.0018052571561648014,*
XGB,LCS,41.0,0.26026144163788634,
XGB,LCS_QRF,25.0,0.032011050641513446,*
LGB,SVM,4.0,0.00029141997158963715,*
LGB,ANN,17.0,0.007009638556979976,*
LGB,LCS,43.0,0.3115881119410587,
LGB,LCS_QRF,37.0,0.1723521110034788,
SVM,ANN,25.0,0.032011050641513446,*
SVM,LCS,4.0,0.00029141997158963715,*
SVM,LCS_QRF,12.0,0.002293196040126747,*
ANN,LCS,19.0,0.01056696406458055,*
ANN,LCS_QRF,33.0,0.10614691809616578,
LCS,LCS_QRF,31.0,0.08098620524006306,
