Algorithm 1,Algorithm 2,statistic,p-value,sig
logistic_regression,decision_tree,41.5,0.27168642789406133,
logistic_regression,random_forest,18.5,0.009397530331217149,*
logistic_regression,naive_bayes,0.0,8.981125249535405e-05,*
logistic_regression,XGB,41.5,0.27168642789406133,
logistic_regression,LGB,42.5,0.29723760450631165,
logistic_regression,SVM,1.5,0.00013956960609482665,*
logistic_regression,ANN,0.0,8.486480433072498e-05,*
logistic_regression,LCS,9.5,0.001234431549142317,*
logistic_regression,LCS_QRF,0.0,8.930724418684081e-05,*
decision_tree,random_forest,29.0,0.05956122012037694,
decision_tree,naive_bayes,1.0,0.0001210868928692622,*
decision_tree,XGB,47.5,0.4397570441489005,
decision_tree,LGB,48.0,0.4545191622282166,
decision_tree,SVM,3.0,0.00021655514351610257,*
decision_tree,ANN,0.0,8.486480433072498e-05,*
decision_tree,LCS,15.5,0.005011957879053735,*
decision_tree,LCS_QRF,0.0,8.930724418684081e-05,*
random_forest,naive_bayes,0.0,8.780776552295432e-05,*
random_forest,XGB,23.5,0.024299147242573524,*
random_forest,LGB,20.5,0.013387235322002351,*
random_forest,SVM,6.0,0.0004886547005367016,*
random_forest,ANN,0.0,8.294386391768016e-05,*
random_forest,LCS,22.5,0.019979205166371517,*
random_forest,LCS_QRF,0.0,8.731210427609613e-05,*
naive_bayes,XGB,0.0,8.880533034448187e-05,*
naive_bayes,LGB,0.0,8.880533034448187e-05,*
naive_bayes,SVM,20.0,0.01270744256743727,*
naive_bayes,ANN,1.0,0.0001140351364913606,*
naive_bayes,LCS,1.5,0.00013956960609482665,*
naive_bayes,LCS_QRF,1.0,0.00011978171383221088,*
XGB,LGB,48.5,0.4697234463310778,
XGB,SVM,2.0,0.00015818685686963844,*
XGB,ANN,0.0,8.390025812906869e-05,*
XGB,LCS,8.0,0.0008394681373986888,*
XGB,LCS_QRF,0.0,8.830550583446751e-05,*
LGB,SVM,2.0,0.00016068788746678934,*
LGB,ANN,0.0,8.390025812906869e-05,*
LGB,LCS,7.5,0.0007250379805261936,*
LGB,LCS_QRF,0.0,8.830550583446751e-05,*
SVM,ANN,19.0,0.009943979367406946,*
SVM,LCS,9.0,0.0010884558229855342,*
SVM,LCS_QRF,6.5,0.0005540273493585443,*
ANN,LCS,0.0,8.486480433072498e-05,*
ANN,LCS_QRF,11.5,0.0019062636667947204,*
LCS,LCS_QRF,0.0,8.930724418684081e-05,*
