Algorithm 1,Algorithm 2,statistic,p-value,sig
logistic_regression,decision_tree,25.0,0.03186112507751259,*
logistic_regression,random_forest,0.0,8.981125249535405e-05,*
logistic_regression,naive_bayes,0.0,8.731210427609613e-05,*
logistic_regression,XGB,27.5,0.04771372484900692,*
logistic_regression,LGB,19.5,0.011463822085050044,*
logistic_regression,SVM,0.0,8.880533034448187e-05,*
logistic_regression,ANN,0.0,8.880533034448187e-05,*
logistic_regression,LCS,0.0,8.930724418684081e-05,*
logistic_regression,LCS_QRF,0.0,8.981125249535405e-05,*
decision_tree,random_forest,7.0,0.000651958391010602,*
decision_tree,naive_bayes,0.0,8.780776552295432e-05,*
decision_tree,XGB,19.0,0.010446033026656261,*
decision_tree,LGB,17.5,0.007646531044965807,*
decision_tree,SVM,1.0,0.00012043301367933564,*
decision_tree,ANN,0.0,8.930724418684081e-05,*
decision_tree,LCS,3.5,0.00024836466218480715,*
decision_tree,LCS_QRF,0.0,9.031736040376755e-05,*
random_forest,naive_bayes,0.0,8.780776552295432e-05,*
random_forest,XGB,4.5,0.0003301869616461375,*
random_forest,LGB,3.0,0.00021119119895062752,*
random_forest,SVM,5.0,0.0003772704840575351,*
random_forest,ANN,0.0,8.930724418684081e-05,*
random_forest,LCS,31.0,0.08059138534880156,
random_forest,LCS_QRF,0.0,9.031736040376755e-05,*
naive_bayes,XGB,0.0,8.780776552295432e-05,*
naive_bayes,LGB,0.0,8.583754358560144e-05,*
naive_bayes,SVM,21.0,0.015130772367383334,*
naive_bayes,ANN,2.5,0.00018102949250754552,*
naive_bayes,LCS,0.0,8.731210427609613e-05,*
naive_bayes,LCS_QRF,0.0,8.780776552295432e-05,*
XGB,LGB,44.5,0.3521978549189131,
XGB,SVM,0.0,8.930724418684081e-05,*
XGB,ANN,0.0,8.930724418684081e-05,*
XGB,LCS,4.5,0.0003286377706240353,*
XGB,LCS_QRF,0.0,9.031736040376755e-05,*
LGB,SVM,0.0,8.731210427609613e-05,*
LGB,ANN,0.0,8.731210427609613e-05,*
LGB,LCS,6.5,0.0005564432645688953,*
LGB,LCS_QRF,0.0,8.830550583446751e-05,*
SVM,ANN,0.0,8.830550583446751e-05,*
SVM,LCS,8.0,0.0008360760173923713,*
SVM,LCS_QRF,0.0,8.930724418684081e-05,*
ANN,LCS,0.0,8.880533034448187e-05,*
ANN,LCS_QRF,0.0,8.930724418684081e-05,*
LCS,LCS_QRF,0.0,8.981125249535405e-05,*
