Algorithm 1,Algorithm 2,statistic,p-value,sig
logistic_regression,decision_tree,25.0,0.032011050641513446,*
logistic_regression,random_forest,44.0,0.33879247897623777,
logistic_regression,naive_bayes,27.0,0.04448650585090664,*
logistic_regression,XGB,46.0,0.3956683900503302,
logistic_regression,LGB,43.0,0.3115881119410587,
logistic_regression,SVM,8.0,0.0008531246844597982,*
logistic_regression,ANN,13.0,0.002897679272167355,*
logistic_regression,LCS,47.0,0.42505336956926293,
logistic_regression,LCS_QRF,17.0,0.007009638556979976,*
decision_tree,random_forest,17.0,0.007009638556979976,*
decision_tree,naive_bayes,38.0,0.19233653136775436,
decision_tree,XGB,19.0,0.01056696406458055,*
decision_tree,LGB,19.0,0.01056696406458055,*
decision_tree,SVM,16.0,0.005664848342237332,*
decision_tree,ANN,31.0,0.08098620524006306,
decision_tree,LCS,27.0,0.04448650585090664,*
decision_tree,LCS_QRF,40.0,0.23633779675579358,
random_forest,naive_bayes,20.0,0.012874040410554032,*
random_forest,XGB,46.0,0.3956683900503302,
random_forest,LGB,49.0,0.4849249884965778,
random_forest,SVM,6.0,0.0005039881201883722,*
random_forest,ANN,7.0,0.0006574723348566069,*
random_forest,LCS,37.0,0.1723521110034788,
random_forest,LCS_QRF,9.0,0.0011011099712485391,*
naive_bayes,XGB,25.0,0.032011050641513446,*
naive_bayes,LGB,25.0,0.032011050641513446,*
naive_bayes,SVM,13.0,0.002897679272167355,*
naive_bayes,ANN,20.0,0.012874040410554032,*
naive_bayes,LCS,28.0,0.05205494483011341,
naive_bayes,LCS_QRF,29.0,0.06061225150645831,
XGB,LGB,46.0,0.3956683900503302,
XGB,SVM,6.0,0.0005039881201883722,*
XGB,ANN,10.0,0.0014136360455584039,*
XGB,LCS,43.0,0.3115881119410587,
XGB,LCS_QRF,13.0,0.002897679272167355,*
LGB,SVM,6.0,0.0005039881201883722,*
LGB,ANN,9.0,0.0011011099712485391,*
LGB,LCS,42.0,0.28537519402908695,
LGB,LCS_QRF,11.0,0.0018052571561648014,*
SVM,ANN,39.0,0.21367765694890384,
SVM,LCS,9.0,0.0011011099712485391,*
SVM,LCS_QRF,21.0,0.015604506385870109,*
ANN,LCS,13.0,0.002897679272167355,*
ANN,LCS_QRF,37.0,0.1723521110034788,
LCS,LCS_QRF,19.0,0.01056696406458055,*
