Algorithm 1,Algorithm 2,statistic,p-value,sig
logistic_regression,decision_tree,27.0,0.04448650585090664,*
logistic_regression,random_forest,43.0,0.3115227654189539,
logistic_regression,naive_bayes,9.0,0.0011011099712485391,*
logistic_regression,XGB,48.0,0.45486094457277765,
logistic_regression,LGB,45.5,0.3811410627931685,
logistic_regression,SVM,5.0,0.00038426945658138323,*
logistic_regression,ANN,0.0,9.133589555477501e-05,*
logistic_regression,LCS,27.0,0.04448650585090664,*
logistic_regression,LCS_QRF,1.0,0.00012306406395261486,*
decision_tree,random_forest,26.0,0.0377757927648433,*
decision_tree,naive_bayes,15.0,0.004554248199015482,*
decision_tree,XGB,24.0,0.026951278584693587,*
decision_tree,LGB,22.5,0.02058688376355167,*
decision_tree,SVM,8.0,0.0008531246844597982,*
decision_tree,ANN,0.0,9.133589555477501e-05,*
decision_tree,LCS,43.0,0.3115881119410587,
decision_tree,LCS_QRF,0.0,9.133589555477501e-05,*
random_forest,naive_bayes,3.0,0.00021872746058138314,*
random_forest,XGB,41.0,0.2601830104482655,
random_forest,LGB,39.0,0.21359074300340058,
random_forest,SVM,5.0,0.0003825114754596801,*
random_forest,ANN,0.0,9.082557304573249e-05,*
random_forest,LCS,27.0,0.044426454239524814,*
random_forest,LCS_QRF,0.0,9.082557304573249e-05,*
naive_bayes,XGB,3.0,0.00021981937631328227,*
naive_bayes,LGB,4.0,0.00029141997158963715,*
naive_bayes,SVM,18.0,0.008628728041559883,*
naive_bayes,ANN,7.0,0.0006574723348566069,*
naive_bayes,LCS,13.0,0.002897679272167355,*
naive_bayes,LCS_QRF,9.0,0.0011011099712485391,*
XGB,LGB,45.0,0.3668649978481236,
XGB,SVM,4.0,0.00029141997158963715,*
XGB,ANN,0.0,9.133589555477501e-05,*
XGB,LCS,26.0,0.03783078607194352,*
XGB,LCS_QRF,0.0,9.133589555477501e-05,*
LGB,SVM,4.0,0.00029141997158963715,*
LGB,ANN,0.0,9.133589555477501e-05,*
LGB,LCS,22.0,0.01881765689365712,*
LGB,LCS_QRF,0.0,9.133589555477501e-05,*
SVM,ANN,47.0,0.42505336956926293,
SVM,LCS,8.0,0.0008531246844597982,*
SVM,LCS_QRF,32.5,0.0992978793166076,
ANN,LCS,0.0,9.133589555477501e-05,*
ANN,LCS_QRF,34.0,0.12066079650859002,
LCS,LCS_QRF,1.0,0.00012306406395261486,*
