Algorithm 1,Algorithm 2,statistic,p-value,sig
logistic_regression,decision_tree,23.0,0.022577284812139504,*
logistic_regression,random_forest,28.0,0.05205494483011341,
logistic_regression,naive_bayes,18.0,0.008628728041559883,*
logistic_regression,XGB,41.0,0.26026144163788634,
logistic_regression,LGB,45.0,0.3668649978481236,
logistic_regression,SVM,3.0,0.00021981937631328227,*
logistic_regression,ANN,10.0,0.0014136360455584039,*
logistic_regression,LCS,49.0,0.4849249884965778,
logistic_regression,LCS_QRF,41.0,0.26026144163788634,
decision_tree,random_forest,14.0,0.00364227850473983,*
decision_tree,naive_bayes,44.0,0.33879247897623777,
decision_tree,XGB,20.0,0.012874040410554032,*
decision_tree,LGB,33.0,0.10614691809616578,
decision_tree,SVM,7.0,0.0006574723348566069,*
decision_tree,ANN,32.0,0.09293836618293788,
decision_tree,LCS,30.0,0.07023252407917747,
decision_tree,LCS_QRF,26.0,0.03783078607194352,*
random_forest,naive_bayes,5.0,0.00038426945658138323,*
random_forest,XGB,41.0,0.26026144163788634,
random_forest,LGB,25.0,0.032011050641513446,*
random_forest,SVM,0.0,9.133589555477501e-05,*
random_forest,ANN,4.0,0.00029141997158963715,*
random_forest,LCS,37.0,0.1723521110034788,
random_forest,LCS_QRF,41.0,0.26026144163788634,
naive_bayes,XGB,24.0,0.026951278584693587,*
naive_bayes,LGB,30.0,0.07023252407917747,
naive_bayes,SVM,6.0,0.0005039881201883722,*
naive_bayes,ANN,27.0,0.04448650585090664,*
naive_bayes,LCS,31.0,0.08098620524006306,
naive_bayes,LCS_QRF,23.0,0.022577284812139504,*
XGB,LGB,34.0,0.12066079650859002,
XGB,SVM,4.0,0.00029141997158963715,*
XGB,ANN,13.0,0.002897679272167355,*
XGB,LCS,41.0,0.26026144163788634,
XGB,LCS_QRF,49.0,0.4849249884965778,
LGB,SVM,4.0,0.00029141997158963715,*
LGB,ANN,18.0,0.008628728041559883,*
LGB,LCS,43.0,0.3115881119410587,
LGB,LCS_QRF,35.0,0.13651816987559418,
SVM,ANN,26.0,0.03783078607194352,*
SVM,LCS,4.0,0.00029141997158963715,*
SVM,LCS_QRF,3.0,0.00021981937631328227,*
ANN,LCS,19.0,0.01056696406458055,*
ANN,LCS_QRF,16.0,0.005664848342237332,*
LCS,LCS_QRF,49.0,0.4849249884965778,
