Algorithm 1,Algorithm 2,statistic,p-value,sig
logistic_regression,decision_tree,42.0,0.2853027517557345,
logistic_regression,random_forest,45.0,0.3668168218839343,
logistic_regression,naive_bayes,10.0,0.0014084528140968727,*
logistic_regression,XGB,39.0,0.21359074300340058,
logistic_regression,LGB,39.0,0.21359074300340058,
logistic_regression,SVM,47.0,0.42502551244863873,
logistic_regression,ANN,4.0,0.00029003018573533606,*
logistic_regression,LCS,49.0,0.4849193207024165,
logistic_regression,LCS_QRF,0.0,9.082557304573249e-05,*
decision_tree,random_forest,41.5,0.27259925509003563,
decision_tree,naive_bayes,10.0,0.0014136360455584039,*
decision_tree,XGB,40.0,0.23633779675579358,
decision_tree,LGB,39.5,0.22476066288351298,
decision_tree,SVM,46.0,0.3956683900503302,
decision_tree,ANN,3.0,0.00021981937631328227,*
decision_tree,LCS,46.0,0.3956683900503302,
decision_tree,LCS_QRF,0.0,9.133589555477501e-05,*
random_forest,naive_bayes,8.0,0.0008531246844597982,*
random_forest,XGB,49.0,0.4849249884965778,
random_forest,LGB,49.0,0.4849249884965778,
random_forest,SVM,38.0,0.19233653136775436,
random_forest,ANN,3.0,0.00021981937631328227,*
random_forest,LCS,36.0,0.15374472830934066,
random_forest,LCS_QRF,0.0,9.133589555477501e-05,*
naive_bayes,XGB,8.0,0.0008531246844597982,*
naive_bayes,LGB,7.0,0.0006574723348566069,*
naive_bayes,SVM,8.0,0.0008531246844597982,*
naive_bayes,ANN,24.0,0.026951278584693587,*
naive_bayes,LCS,8.0,0.0008531246844597982,*
naive_bayes,LCS_QRF,0.0,9.133589555477501e-05,*
XGB,LGB,47.5,0.4398921505284963,
XGB,SVM,36.0,0.15374472830934066,
XGB,ANN,1.0,0.00012306406395261486,*
XGB,LCS,32.0,0.09293836618293788,
XGB,LCS_QRF,0.0,9.133589555477501e-05,*
LGB,SVM,37.5,0.18208286732008583,
LGB,ANN,2.0,0.00016491926038899677,*
LGB,LCS,35.0,0.13651816987559418,
LGB,LCS_QRF,0.0,9.133589555477501e-05,*
SVM,ANN,1.0,0.00012306406395261486,*
SVM,LCS,49.5,0.5,
SVM,LCS_QRF,0.0,9.133589555477501e-05,*
ANN,LCS,1.0,0.00012306406395261486,*
ANN,LCS_QRF,14.0,0.00364227850473983,*
LCS,LCS_QRF,0.0,9.133589555477501e-05,*
