Algorithm 1,Algorithm 2,statistic,p-value,sig
logistic_regression,decision_tree,36.5,0.16159567739140895,
logistic_regression,random_forest,21.5,0.016776267431158842,*
logistic_regression,naive_bayes,0.0,8.830550583446751e-05,*
logistic_regression,XGB,36.5,0.16205439900527996,
logistic_regression,LGB,33.0,0.10502580128238403,
logistic_regression,SVM,20.5,0.013827323064269384,*
logistic_regression,ANN,0.0,8.930724418684081e-05,*
logistic_regression,LCS,0.5,0.00010263730706372885,*
logistic_regression,LCS_QRF,0.0,8.880533034448187e-05,*
decision_tree,random_forest,40.5,0.24774010830622778,
decision_tree,naive_bayes,0.0,8.981125249535405e-05,*
decision_tree,XGB,50.0,0.4848965854289707,
decision_tree,LGB,48.0,0.45472515858373996,
decision_tree,SVM,39.5,0.22467534888194385,
decision_tree,ANN,3.0,0.00021872746058138314,*
decision_tree,LCS,5.0,0.0003772704840575351,*
decision_tree,LCS_QRF,0.0,9.031736040376755e-05,*
random_forest,naive_bayes,0.0,8.981125249535405e-05,*
random_forest,XGB,34.0,0.12030653785531809,
random_forest,LGB,38.0,0.1916192914940033,
random_forest,SVM,49.0,0.4848794663332071,
random_forest,ANN,1.0,0.00012240241226222747,*
random_forest,LCS,1.0,0.00012174335714866438,*
random_forest,LCS_QRF,0.0,9.031736040376755e-05,*
naive_bayes,XGB,0.0,8.981125249535405e-05,*
naive_bayes,LGB,0.0,8.930724418684081e-05,*
naive_bayes,SVM,0.0,9.031736040376755e-05,*
naive_bayes,ANN,25.0,0.03181116630006709,*
naive_bayes,LCS,0.0,8.981125249535405e-05,*
naive_bayes,LCS_QRF,0.0,8.981125249535405e-05,*
XGB,LGB,47.5,0.43982471108923243,
XGB,SVM,34.5,0.12806150666352656,
XGB,ANN,1.0,0.00012240241226222747,*
XGB,LCS,2.0,0.00016321722495077625,*
XGB,LCS_QRF,0.0,9.031736040376755e-05,*
LGB,SVM,38.0,0.1917092121161605,
LGB,ANN,0.0,9.031736040376755e-05,*
LGB,LCS,0.0,8.981125249535405e-05,*
LGB,LCS_QRF,0.0,8.981125249535405e-05,*
SVM,ANN,1.0,0.00012306406395261486,*
SVM,LCS,3.5,0.000250809288783939,*
SVM,LCS_QRF,0.0,9.082557304573249e-05,*
ANN,LCS,9.0,0.0010968817870618656,*
ANN,LCS_QRF,0.0,9.082557304573249e-05,*
LCS,LCS_QRF,0.0,9.031736040376755e-05,*
