Algorithm 1,Algorithm 2,statistic,p-value,sig
logistic_regression,decision_tree,25.0,0.032011050641513446,*
logistic_regression,random_forest,40.0,0.23633779675579358,
logistic_regression,naive_bayes,26.0,0.03783078607194352,*
logistic_regression,XGB,40.0,0.23633779675579358,
logistic_regression,LGB,43.0,0.3115881119410587,
logistic_regression,SVM,35.0,0.13651816987559418,
logistic_regression,ANN,7.0,0.0006574723348566069,*
logistic_regression,LCS,38.0,0.19233653136775436,
logistic_regression,LCS_QRF,11.0,0.0018052571561648014,*
decision_tree,random_forest,32.0,0.09293836618293788,
decision_tree,naive_bayes,47.0,0.42505336956926293,
decision_tree,XGB,35.0,0.13651816987559418,
decision_tree,LGB,27.0,0.04448650585090664,*
decision_tree,SVM,32.0,0.09293836618293788,
decision_tree,ANN,3.0,0.00021981937631328227,*
decision_tree,LCS,35.0,0.13651816987559418,
decision_tree,LCS_QRF,15.0,0.004554248199015482,*
random_forest,naive_bayes,40.0,0.23633779675579358,
random_forest,XGB,47.0,0.42505336956926293,
random_forest,LGB,43.0,0.3115881119410587,
random_forest,SVM,50.0,0.4849249884965778,
random_forest,ANN,6.0,0.0005039881201883722,*
random_forest,LCS,49.0,0.4849249884965778,
random_forest,LCS_QRF,10.0,0.0014136360455584039,*
naive_bayes,XGB,31.0,0.08098620524006306,
naive_bayes,LGB,27.0,0.04448650585090664,*
naive_bayes,SVM,38.0,0.19233653136775436,
naive_bayes,ANN,8.0,0.0008531246844597982,*
naive_bayes,LCS,38.0,0.19233653136775436,
naive_bayes,LCS_QRF,13.0,0.002897679272167355,*
XGB,LGB,43.0,0.3115881119410587,
XGB,SVM,46.0,0.3956683900503302,
XGB,ANN,5.0,0.00038426945658138323,*
XGB,LCS,49.0,0.4849249884965778,
XGB,LCS_QRF,10.0,0.0014136360455584039,*
LGB,SVM,39.0,0.21367765694890384,
LGB,ANN,4.0,0.00029141997158963715,*
LGB,LCS,44.0,0.33879247897623777,
LGB,LCS_QRF,8.0,0.0008531246844597982,*
SVM,ANN,7.0,0.0006574723348566069,*
SVM,LCS,49.0,0.4849249884965778,
SVM,LCS_QRF,10.0,0.0014136360455584039,*
ANN,LCS,9.0,0.0011011099712485391,*
ANN,LCS_QRF,19.0,0.01056696406458055,*
LCS,LCS_QRF,11.0,0.0018052571561648014,*
