Algorithm 1,Algorithm 2,statistic,p-value,sig
logistic_regression,decision_tree,47.0,0.42494175435004955,
logistic_regression,random_forest,38.0,0.19197851778694464,
logistic_regression,naive_bayes,11.0,0.001780080184235316,*
logistic_regression,XGB,36.0,0.15338047808532734,
logistic_regression,LGB,33.0,0.10580280124789382,
logistic_regression,SVM,36.0,0.15338047808532734,
logistic_regression,ANN,41.5,0.27229618885787615,
logistic_regression,LCS,16.0,0.005603477398825205,*
logistic_regression,LCS_QRF,0.0,8.880533034448187e-05,*
decision_tree,random_forest,37.5,0.18208286732008583,
decision_tree,naive_bayes,17.0,0.007009638556979976,*
decision_tree,XGB,42.0,0.28537519402908695,
decision_tree,LGB,41.5,0.27259925509003563,
decision_tree,SVM,41.0,0.26026144163788634,
decision_tree,ANN,40.0,0.23633779675579358,
decision_tree,LCS,18.0,0.008628728041559883,*
decision_tree,LCS_QRF,0.0,9.082557304573249e-05,*
random_forest,naive_bayes,22.0,0.01881765689365712,*
random_forest,XGB,45.0,0.3668649978481236,
random_forest,LGB,45.0,0.3668649978481236,
random_forest,SVM,41.0,0.26026144163788634,
random_forest,ANN,30.0,0.07023252407917747,
random_forest,LCS,23.0,0.022577284812139504,*
random_forest,LCS_QRF,0.0,9.082557304573249e-05,*
naive_bayes,XGB,22.0,0.01881765689365712,*
naive_bayes,LGB,18.0,0.008628728041559883,*
naive_bayes,SVM,18.0,0.008628728041559883,*
naive_bayes,ANN,17.0,0.007009638556979976,*
naive_bayes,LCS,43.0,0.3115881119410587,
naive_bayes,LCS_QRF,12.0,0.0022855542308096084,*
XGB,LGB,49.5,0.5,
XGB,SVM,48.0,0.45486094457277765,
XGB,ANN,34.0,0.12066079650859002,
XGB,LCS,21.0,0.015604506385870109,*
XGB,LCS_QRF,0.0,9.082557304573249e-05,*
LGB,SVM,48.5,0.46986018347387204,
LGB,ANN,34.0,0.12066079650859002,
LGB,LCS,18.0,0.008628728041559883,*
LGB,LCS_QRF,0.0,9.082557304573249e-05,*
SVM,ANN,35.0,0.13651816987559418,
SVM,LCS,18.5,0.009532407340967141,*
SVM,LCS_QRF,0.5,0.0001049307241511591,*
ANN,LCS,19.0,0.01056696406458055,*
ANN,LCS_QRF,5.0,0.0003825114754596801,*
LCS,LCS_QRF,3.0,0.00021872746058138314,*
