Algorithm 1,Algorithm 2,statistic,p-value,sig
logistic_regression,decision_tree,5.0,0.00038426945658138323,*
logistic_regression,random_forest,33.0,0.10614691809616578,
logistic_regression,naive_bayes,30.0,0.07023252407917747,
logistic_regression,XGB,45.0,0.3668649978481236,
logistic_regression,LGB,35.0,0.13651816987559418,
logistic_regression,SVM,17.0,0.007009638556979976,*
logistic_regression,ANN,8.0,0.0008531246844597982,*
logistic_regression,LCS,23.0,0.022577284812139504,*
logistic_regression,LCS_QRF,4.0,0.00029141997158963715,*
decision_tree,random_forest,17.0,0.007009638556979976,*
decision_tree,naive_bayes,17.0,0.007009638556979976,*
decision_tree,XGB,9.0,0.0011011099712485391,*
decision_tree,LGB,11.0,0.0018052571561648014,*
decision_tree,SVM,30.0,0.07023252407917747,
decision_tree,ANN,29.0,0.06061225150645831,
decision_tree,LCS,23.0,0.022577284812139504,*
decision_tree,LCS_QRF,47.0,0.42505336956926293,
random_forest,naive_bayes,46.0,0.3956683900503302,
random_forest,XGB,32.0,0.09293836618293788,
random_forest,LGB,39.0,0.21367765694890384,
random_forest,SVM,41.0,0.26026144163788634,
random_forest,ANN,10.0,0.0014136360455584039,*
random_forest,LCS,50.0,0.4849249884965778,
random_forest,LCS_QRF,23.0,0.022577284812139504,*
naive_bayes,XGB,39.0,0.21367765694890384,
naive_bayes,LGB,46.0,0.3956683900503302,
naive_bayes,SVM,35.0,0.13651816987559418,
naive_bayes,ANN,11.0,0.0018052571561648014,*
naive_bayes,LCS,48.0,0.45486094457277765,
naive_bayes,LCS_QRF,12.0,0.002293196040126747,*
XGB,LGB,37.0,0.1723521110034788,
XGB,SVM,25.0,0.032011050641513446,*
XGB,ANN,6.0,0.0005039881201883722,*
XGB,LCS,34.0,0.12066079650859002,
XGB,LCS_QRF,8.0,0.0008531246844597982,*
LGB,SVM,32.0,0.09293836618293788,
LGB,ANN,8.0,0.0008531246844597982,*
LGB,LCS,44.0,0.33879247897623777,
LGB,LCS_QRF,11.0,0.0018052571561648014,*
SVM,ANN,18.0,0.008628728041559883,*
SVM,LCS,39.0,0.21367765694890384,
SVM,LCS_QRF,25.0,0.032011050641513446,*
ANN,LCS,16.0,0.005664848342237332,*
ANN,LCS_QRF,40.0,0.23633779675579358,
LCS,LCS_QRF,17.0,0.007009638556979976,*
