Algorithm 1,Algorithm 2,statistic,p-value,sig
logistic_regression,decision_tree,40.0,0.236254534162193,
logistic_regression,random_forest,48.0,0.4548440381117453,
logistic_regression,naive_bayes,5.0,0.0003825114754596801,*
logistic_regression,XGB,44.0,0.3387352563864461,
logistic_regression,LGB,41.0,0.2601830104482655,
logistic_regression,SVM,47.0,0.42502551244863873,
logistic_regression,ANN,3.0,0.00021872746058138314,*
logistic_regression,LCS,29.0,0.060542291715160866,
logistic_regression,LCS_QRF,0.0,9.082557304573249e-05,*
decision_tree,random_forest,44.5,0.35267568603175237,
decision_tree,naive_bayes,3.0,0.00021981937631328227,*
decision_tree,XGB,37.0,0.1723521110034788,
decision_tree,LGB,37.5,0.18208286732008583,
decision_tree,SVM,46.0,0.3956683900503302,
decision_tree,ANN,1.0,0.00012306406395261486,*
decision_tree,LCS,44.0,0.33879247897623777,
decision_tree,LCS_QRF,0.0,9.133589555477501e-05,*
random_forest,naive_bayes,4.0,0.00029141997158963715,*
random_forest,XGB,45.0,0.3668649978481236,
random_forest,LGB,42.0,0.28537519402908695,
random_forest,SVM,35.0,0.13651816987559418,
random_forest,ANN,3.0,0.00021981937631328227,*
random_forest,LCS,25.0,0.032011050641513446,*
random_forest,LCS_QRF,0.0,9.133589555477501e-05,*
naive_bayes,XGB,2.0,0.00016491926038899677,*
naive_bayes,LGB,4.0,0.00029141997158963715,*
naive_bayes,SVM,2.0,0.00016491926038899677,*
naive_bayes,ANN,23.0,0.022577284812139504,*
naive_bayes,LCS,3.0,0.00021981937631328227,*
naive_bayes,LCS_QRF,0.0,9.133589555477501e-05,*
XGB,LGB,48.5,0.46986018347387204,
XGB,SVM,33.0,0.10614691809616578,
XGB,ANN,1.0,0.00012306406395261486,*
XGB,LCS,18.0,0.008628728041559883,*
XGB,LCS_QRF,0.0,9.133589555477501e-05,*
LGB,SVM,31.5,0.08672778685619581,
LGB,ANN,1.0,0.00012306406395261486,*
LGB,LCS,18.0,0.008628728041559883,*
LGB,LCS_QRF,0.0,9.133589555477501e-05,*
SVM,ANN,1.0,0.00012306406395261486,*
SVM,LCS,25.5,0.03476872501849061,*
SVM,LCS_QRF,0.0,9.133589555477501e-05,*
ANN,LCS,1.0,0.00012306406395261486,*
ANN,LCS_QRF,20.0,0.012874040410554032,*
LCS,LCS_QRF,0.0,9.133589555477501e-05,*
