Algorithm 1,Algorithm 2,statistic,p-value,sig
logistic_regression,decision_tree,24.0,0.026951278584693587,*
logistic_regression,random_forest,30.0,0.07023252407917747,
logistic_regression,naive_bayes,30.0,0.07023252407917747,
logistic_regression,XGB,46.0,0.3956683900503302,
logistic_regression,LGB,35.0,0.13651816987559418,
logistic_regression,SVM,17.0,0.007009638556979976,*
logistic_regression,ANN,8.0,0.0008531246844597982,*
logistic_regression,LCS,22.0,0.01881765689365712,*
logistic_regression,LCS_QRF,35.0,0.13651816987559418,
decision_tree,random_forest,41.0,0.26026144163788634,
decision_tree,naive_bayes,32.0,0.09293836618293788,
decision_tree,XGB,24.0,0.026951278584693587,*
decision_tree,LGB,28.0,0.05205494483011341,
decision_tree,SVM,47.0,0.42505336956926293,
decision_tree,ANN,17.0,0.007009638556979976,*
decision_tree,LCS,43.0,0.3115881119410587,
decision_tree,LCS_QRF,33.0,0.10614691809616578,
random_forest,naive_bayes,41.0,0.26026144163788634,
random_forest,XGB,31.0,0.08098620524006306,
random_forest,LGB,37.0,0.1723521110034788,
random_forest,SVM,41.0,0.26026144163788634,
random_forest,ANN,11.0,0.0018052571561648014,*
random_forest,LCS,49.0,0.4849249884965778,
random_forest,LCS_QRF,43.0,0.3115881119410587,
naive_bayes,XGB,41.0,0.26026144163788634,
naive_bayes,LGB,47.0,0.42505336956926293,
naive_bayes,SVM,31.0,0.08098620524006306,
naive_bayes,ANN,11.0,0.0018052571561648014,*
naive_bayes,LCS,42.0,0.28537519402908695,
naive_bayes,LCS_QRF,47.0,0.42505336956926293,
XGB,LGB,39.0,0.21367765694890384,
XGB,SVM,25.0,0.032011050641513446,*
XGB,ANN,7.0,0.0006574723348566069,*
XGB,LCS,33.0,0.10614691809616578,
XGB,LCS_QRF,38.0,0.19233653136775436,
LGB,SVM,33.0,0.10614691809616578,
LGB,ANN,8.0,0.0008531246844597982,*
LGB,LCS,43.0,0.3115881119410587,
LGB,LCS_QRF,48.0,0.45486094457277765,
SVM,ANN,19.0,0.01056696406458055,*
SVM,LCS,40.0,0.23633779675579358,
SVM,LCS_QRF,33.0,0.10614691809616578,
ANN,LCS,17.0,0.007009638556979976,*
ANN,LCS_QRF,10.0,0.0014136360455584039,*
LCS,LCS_QRF,37.0,0.1723521110034788,
