Algorithm 1,Algorithm 2,statistic,p-value,sig
logistic_regression,decision_tree,41.0,0.26002591884118786,
logistic_regression,random_forest,29.5,0.06499561101725831,
logistic_regression,naive_bayes,0.0,8.880533034448187e-05,*
logistic_regression,XGB,34.5,0.12806150666352656,
logistic_regression,LGB,32.0,0.09244142720655457,
logistic_regression,SVM,31.0,0.08067041121683916,
logistic_regression,ANN,6.0,0.0004886547005367016,*
logistic_regression,LCS,5.5,0.0004344717885771247,*
logistic_regression,LCS_QRF,0.0,9.031736040376755e-05,*
decision_tree,random_forest,40.5,0.24790263804995538,
decision_tree,naive_bayes,0.0,8.930724418684081e-05,*
decision_tree,XGB,42.5,0.2981433107864735,
decision_tree,LGB,45.5,0.3807049738416492,
decision_tree,SVM,41.5,0.2723720682478781,
decision_tree,ANN,8.0,0.0008428690575068284,*
decision_tree,LCS,10.5,0.0015871116158888477,*
decision_tree,LCS_QRF,0.0,9.082557304573249e-05,*
random_forest,naive_bayes,0.0,8.930724418684081e-05,*
random_forest,XGB,40.5,0.24765872675825817,
random_forest,LGB,42.0,0.28493944244581987,
random_forest,SVM,43.5,0.32464251211349604,
random_forest,ANN,8.0,0.0008428690575068284,*
random_forest,LCS,11.0,0.0017863549384752207,*
random_forest,LCS_QRF,0.0,9.082557304573249e-05,*
naive_bayes,XGB,0.0,8.930724418684081e-05,*
naive_bayes,LGB,0.0,8.930724418684081e-05,*
naive_bayes,SVM,0.0,8.880533034448187e-05,*
naive_bayes,ANN,16.0,0.00546655306281866,*
naive_bayes,LCS,1.0,0.0001210868928692622,*
naive_bayes,LCS_QRF,10.5,0.0015587307889394814,*
XGB,LGB,48.5,0.4698034351767125,
XGB,SVM,44.5,0.35235764768935196,
XGB,ANN,8.5,0.0009433942116112635,*
XGB,LCS,8.5,0.0009622539712920984,*
XGB,LCS_QRF,0.0,9.082557304573249e-05,*
LGB,SVM,44.0,0.3385057560112247,
LGB,ANN,8.0,0.0008428690575068284,*
LGB,LCS,6.0,0.000497377801365362,*
LGB,LCS_QRF,0.0,9.082557304573249e-05,*
SVM,ANN,10.0,0.0013775955446953152,*
SVM,LCS,12.0,0.0022627156945923634,*
SVM,LCS_QRF,0.0,9.031736040376755e-05,*
ANN,LCS,27.0,0.044186224553775806,*
ANN,LCS_QRF,8.0,0.0008462787843324666,*
LCS,LCS_QRF,0.0,9.133589555477501e-05,*
