Algorithm 1,Algorithm 2,statistic,p-value,sig
logistic_regression,decision_tree,39.5,0.22321297864628792,
logistic_regression,random_forest,37.5,0.1803549954566503,
logistic_regression,naive_bayes,0.0,8.780776552295432e-05,*
logistic_regression,XGB,50.0,0.4848219794392231,
logistic_regression,LGB,49.0,0.4846634283316239,
logistic_regression,SVM,28.0,0.05068664234321359,
logistic_regression,ANN,0.0,8.930724418684081e-05,*
logistic_regression,LCS,8.5,0.0009359163592495449,*
logistic_regression,LCS_QRF,0.0,8.731210427609613e-05,*
decision_tree,random_forest,47.0,0.4236801340252051,
decision_tree,naive_bayes,0.0,8.342104459086457e-05,*
decision_tree,XGB,35.5,0.14248774200221548,
decision_tree,LGB,33.0,0.10232026187282534,
decision_tree,SVM,39.0,0.2106784159446563,
decision_tree,ANN,0.0,8.486480433072498e-05,*
decision_tree,LCS,17.0,0.006653382407045877,*
decision_tree,LCS_QRF,0.0,8.294386391768016e-05,*
random_forest,naive_bayes,0.0,8.583754358560144e-05,*
random_forest,XGB,35.5,0.14174628987075655,
random_forest,LGB,32.0,0.08765051292771647,
random_forest,SVM,35.0,0.13378582898401542,
random_forest,ANN,0.0,8.731210427609613e-05,*
random_forest,LCS,10.0,0.0013370970176426649,*
random_forest,LCS_QRF,0.0,8.535014725993064e-05,*
naive_bayes,XGB,0.0,8.780776552295432e-05,*
naive_bayes,LGB,0.0,8.152446776826874e-05,*
naive_bayes,SVM,0.0,8.731210427609613e-05,*
naive_bayes,ANN,38.0,0.19080656437956517,
naive_bayes,LCS,0.0,8.583754358560144e-05,*
naive_bayes,LCS_QRF,0.0,8.583754358560144e-05,*
XGB,LGB,48.5,0.46932568045888534,
XGB,SVM,24.5,0.028442471538954902,*
XGB,ANN,0.0,8.930724418684081e-05,*
XGB,LCS,6.5,0.0005420522326480924,*
XGB,LCS_QRF,0.0,8.731210427609613e-05,*
LGB,SVM,26.0,0.03585346383156169,*
LGB,ANN,0.0,8.294386391768016e-05,*
LGB,LCS,9.0,0.0010024197670295651,*
LGB,LCS_QRF,0.0,8.105536723700735e-05,*
SVM,ANN,0.0,8.880533034448187e-05,*
SVM,LCS,11.0,0.0017119147203377978,*
SVM,LCS_QRF,0.0,8.681851696007563e-05,*
ANN,LCS,0.0,8.731210427609613e-05,*
ANN,LCS_QRF,7.0,0.000635598605383508,*
LCS,LCS_QRF,0.0,8.535014725993064e-05,*
