Algorithm 1,Algorithm 2,statistic,p-value,sig
logistic_regression,decision_tree,37.0,0.1713502045031694,
logistic_regression,random_forest,20.0,0.01273515691431301,*
logistic_regression,naive_bayes,0.0,8.880533034448187e-05,*
logistic_regression,XGB,37.0,0.17162432050520815,
logistic_regression,LGB,33.5,0.11218688926595638,
logistic_regression,SVM,20.0,0.012569184767119693,*
logistic_regression,ANN,0.0,8.930724418684081e-05,*
logistic_regression,LCS,0.5,0.00010263730706372885,*
logistic_regression,LCS_QRF,0.0,8.930724418684081e-05,*
decision_tree,random_forest,40.0,0.23608777532022296,
decision_tree,naive_bayes,0.0,9.082557304573249e-05,*
decision_tree,XGB,49.5,0.5,
decision_tree,LGB,47.5,0.43980218078345007,
decision_tree,SVM,39.5,0.22476066288351298,
decision_tree,ANN,3.0,0.00021981937631328227,*
decision_tree,LCS,4.5,0.0003317411793835479,*
decision_tree,LCS_QRF,0.0,9.133589555477501e-05,*
random_forest,naive_bayes,0.0,9.031736040376755e-05,*
random_forest,XGB,34.0,0.12030653785531809,
random_forest,LGB,37.5,0.18154013635784516,
random_forest,SVM,49.0,0.48489088552594645,
random_forest,ANN,1.0,0.00012240241226222747,*
random_forest,LCS,1.0,0.00012174335714866438,*
random_forest,LCS_QRF,0.0,9.082557304573249e-05,*
naive_bayes,XGB,0.0,9.031736040376755e-05,*
naive_bayes,LGB,0.0,8.981125249535405e-05,*
naive_bayes,SVM,0.0,9.082557304573249e-05,*
naive_bayes,ANN,25.0,0.0319610673017273,*
naive_bayes,LCS,0.0,9.031736040376755e-05,*
naive_bayes,LCS_QRF,0.0,9.082557304573249e-05,*
XGB,LGB,47.5,0.43982471108923243,
XGB,SVM,34.0,0.1203951838208423,
XGB,ANN,1.0,0.00012240241226222747,*
XGB,LCS,2.0,0.00016321722495077625,*
XGB,LCS_QRF,0.0,9.082557304573249e-05,*
LGB,SVM,38.0,0.1917092121161605,
LGB,ANN,0.0,9.031736040376755e-05,*
LGB,LCS,0.0,8.981125249535405e-05,*
LGB,LCS_QRF,0.0,9.031736040376755e-05,*
SVM,ANN,1.0,0.00012306406395261486,*
SVM,LCS,3.5,0.000250809288783939,*
SVM,LCS_QRF,0.0,9.133589555477501e-05,*
ANN,LCS,9.0,0.0010968817870618656,*
ANN,LCS_QRF,0.0,9.133589555477501e-05,*
LCS,LCS_QRF,0.0,9.082557304573249e-05,*
