Algorithm 1,Algorithm 2,statistic,p-value,sig
logistic_regression,decision_tree,34.0,0.11968449440956902,
logistic_regression,random_forest,4.0,0.0002763848963732443,*
logistic_regression,naive_bayes,29.0,0.05984183519801526,
logistic_regression,XGB,8.0,0.0008159077255044217,*
logistic_regression,LGB,4.0,0.0002763848963732443,*
logistic_regression,SVM,16.0,0.005496841413478662,*
logistic_regression,ANN,4.0,0.0002763848963732443,*
logistic_regression,LCS,8.0,0.0008159077255044217,*
logistic_regression,LCS_QRF,8.0,0.0008159077255044217,*
decision_tree,random_forest,4.0,0.00029141997158963715,*
decision_tree,naive_bayes,0.0,9.133589555477501e-05,*
decision_tree,XGB,8.0,0.0008531246844597982,*
decision_tree,LGB,3.0,0.00021981937631328227,*
decision_tree,SVM,9.0,0.0011011099712485391,*
decision_tree,ANN,3.0,0.00021981937631328227,*
decision_tree,LCS,7.0,0.0006574723348566069,*
decision_tree,LCS_QRF,5.0,0.00038426945658138323,*
random_forest,naive_bayes,0.0,9.133589555477501e-05,*
random_forest,XGB,48.5,0.4698375225718726,
random_forest,LGB,41.5,0.27259925509003563,
random_forest,SVM,46.5,0.4102647530547058,
random_forest,ANN,42.0,0.2852302364492389,
random_forest,LCS,38.5,0.2027511500649954,
random_forest,LCS_QRF,35.0,0.1363377375962576,
naive_bayes,XGB,0.0,9.133589555477501e-05,*
naive_bayes,LGB,0.0,9.133589555477501e-05,*
naive_bayes,SVM,0.0,9.133589555477501e-05,*
naive_bayes,ANN,0.0,9.133589555477501e-05,*
naive_bayes,LCS,0.0,9.133589555477501e-05,*
naive_bayes,LCS_QRF,0.0,9.133589555477501e-05,*
XGB,LGB,42.5,0.2982815798813098,
XGB,SVM,46.0,0.3955916740703442,
XGB,ANN,44.0,0.3386779729030972,
XGB,LCS,41.0,0.26026144163788634,
XGB,LCS_QRF,39.0,0.21367765694890384,
LGB,SVM,37.5,0.18208286732008583,
LGB,ANN,49.5,0.5,
LGB,LCS,46.0,0.3956683900503302,
LGB,LCS_QRF,42.5,0.2982815798813098,
SVM,ANN,38.0,0.19233653136775436,
SVM,LCS,36.5,0.1627847033704996,
SVM,LCS_QRF,32.0,0.09293836618293788,
ANN,LCS,45.5,0.3811410627931685,
ANN,LCS_QRF,44.0,0.33879247897623777,
LCS,LCS_QRF,43.5,0.3250123149530506,
