Algorithm 1,Algorithm 2,statistic,p-value,sig
logistic_regression,decision_tree,1.0,0.00011592775889235597,*
logistic_regression,random_forest,0.0,8.583754358560144e-05,*
logistic_regression,naive_bayes,39.0,0.21271732163053314,
logistic_regression,XGB,0.0,8.583754358560144e-05,*
logistic_regression,LGB,0.0,8.583754358560144e-05,*
logistic_regression,SVM,0.0,8.583754358560144e-05,*
logistic_regression,ANN,0.0,8.583754358560144e-05,*
logistic_regression,LCS,0.0,8.583754358560144e-05,*
logistic_regression,LCS_QRF,0.0,8.583754358560144e-05,*
decision_tree,random_forest,4.0,0.00029141997158963715,*
decision_tree,naive_bayes,1.0,0.00012306406395261486,*
decision_tree,XGB,4.0,0.00029141997158963715,*
decision_tree,LGB,2.0,0.00016491926038899677,*
decision_tree,SVM,5.0,0.00038426945658138323,*
decision_tree,ANN,3.0,0.00021981937631328227,*
decision_tree,LCS,3.0,0.00021981937631328227,*
decision_tree,LCS_QRF,4.0,0.00029141997158963715,*
random_forest,naive_bayes,0.0,9.133589555477501e-05,*
random_forest,XGB,44.5,0.3525699015067423,
random_forest,LGB,37.5,0.18208286732008583,
random_forest,SVM,48.5,0.46986018347387204,
random_forest,ANN,40.0,0.2361711937234277,
random_forest,LCS,44.5,0.35267568603175237,
random_forest,LCS_QRF,48.0,0.4548271126400856,
naive_bayes,XGB,0.0,9.133589555477501e-05,*
naive_bayes,LGB,0.0,9.133589555477501e-05,*
naive_bayes,SVM,0.0,9.133589555477501e-05,*
naive_bayes,ANN,0.0,9.133589555477501e-05,*
naive_bayes,LCS,0.0,9.133589555477501e-05,*
naive_bayes,LCS_QRF,0.0,9.133589555477501e-05,*
XGB,LGB,47.0,0.42499762424381904,
XGB,SVM,42.0,0.2852302364492389,
XGB,ANN,44.5,0.3525699015067423,
XGB,LCS,49.0,0.4849249884965778,
XGB,LCS_QRF,43.0,0.3115881119410587,
LGB,SVM,37.5,0.18208286732008583,
LGB,ANN,48.0,0.4548271126400856,
LGB,LCS,46.0,0.3956683900503302,
LGB,LCS_QRF,36.5,0.1627847033704996,
SVM,ANN,40.5,0.24806485747140855,
SVM,LCS,42.5,0.2982815798813098,
SVM,LCS_QRF,50.0,0.4849249884965778,
ANN,LCS,48.5,0.46986018347387204,
ANN,LCS_QRF,40.0,0.23633779675579358,
LCS,LCS_QRF,44.5,0.35267568603175237,
