Algorithm 1,Algorithm 2,statistic,p-value,sig
logistic_regression,decision_tree,0.0,7.469638317577472e-05,*
logistic_regression,random_forest,0.0,7.469638317577472e-05,*
logistic_regression,naive_bayes,47.0,0.4240594885700511,
logistic_regression,XGB,0.0,7.469638317577472e-05,*
logistic_regression,LGB,0.0,7.469638317577472e-05,*
logistic_regression,SVM,0.0,7.469638317577472e-05,*
logistic_regression,ANN,0.0,7.469638317577472e-05,*
logistic_regression,LCS,0.0,7.469638317577472e-05,*
logistic_regression,LCS_QRF,0.0,7.469638317577472e-05,*
decision_tree,random_forest,2.0,0.00016491926038899677,*
decision_tree,naive_bayes,0.0,9.133589555477501e-05,*
decision_tree,XGB,4.0,0.00029141997158963715,*
decision_tree,LGB,2.0,0.00016491926038899677,*
decision_tree,SVM,8.0,0.0008531246844597982,*
decision_tree,ANN,2.0,0.00016491926038899677,*
decision_tree,LCS,2.0,0.00016491926038899677,*
decision_tree,LCS_QRF,2.0,0.00016491926038899677,*
random_forest,naive_bayes,0.0,9.133589555477501e-05,*
random_forest,XGB,43.0,0.3115881119410587,
random_forest,LGB,38.0,0.19233653136775436,
random_forest,SVM,32.0,0.09293836618293788,
random_forest,ANN,46.0,0.3956683900503302,
random_forest,LCS,43.0,0.3115881119410587,
random_forest,LCS_QRF,45.0,0.3668649978481236,
naive_bayes,XGB,0.0,9.133589555477501e-05,*
naive_bayes,LGB,0.0,9.133589555477501e-05,*
naive_bayes,SVM,0.0,9.133589555477501e-05,*
naive_bayes,ANN,0.0,9.133589555477501e-05,*
naive_bayes,LCS,0.0,9.133589555477501e-05,*
naive_bayes,LCS_QRF,0.0,9.133589555477501e-05,*
XGB,LGB,49.0,0.4849249884965778,
XGB,SVM,32.0,0.09293836618293788,
XGB,ANN,45.0,0.3668649978481236,
XGB,LCS,48.5,0.46986018347387204,
XGB,LCS_QRF,44.0,0.33879247897623777,
LGB,SVM,27.0,0.04448650585090664,*
LGB,ANN,43.0,0.3115881119410587,
LGB,LCS,49.0,0.4849249884965778,
LGB,LCS_QRF,44.0,0.33879247897623777,
SVM,ANN,34.0,0.12066079650859002,
SVM,LCS,31.0,0.08098620524006306,
SVM,LCS_QRF,30.0,0.07023252407917747,
ANN,LCS,43.0,0.3115881119410587,
ANN,LCS_QRF,49.0,0.4849249884965778,
LCS,LCS_QRF,43.0,0.3115881119410587,
