Algorithm 1,Algorithm 2,statistic,p-value,sig
logistic_regression,decision_tree,21.0,0.015067948780187156,*
logistic_regression,random_forest,20.0,0.012514028888600849,*
logistic_regression,naive_bayes,23.5,0.023958831932770045,*
logistic_regression,XGB,20.0,0.012486482659747854,*
logistic_regression,LGB,20.0,0.012266879128956102,*
logistic_regression,SVM,20.0,0.012486482659747854,*
logistic_regression,ANN,20.0,0.012431453821512293,*
logistic_regression,LCS,20.0,0.012541596270958947,*
logistic_regression,LCS_QRF,20.0,0.012403971291679807,*
decision_tree,random_forest,9.0,0.001071725356741479,*
decision_tree,naive_bayes,47.0,0.42426142771665937,
decision_tree,XGB,7.5,0.0007280592216270818,*
decision_tree,LGB,5.0,0.00035180051231183384,*
decision_tree,SVM,8.0,0.0008225954050968755,*
decision_tree,ANN,8.5,0.0009359163592495449,*
decision_tree,LCS,10.5,0.0015587307889394814,*
decision_tree,LCS_QRF,15.0,0.004347935719294891,*
random_forest,naive_bayes,5.5,0.0004247579918275998,*
random_forest,XGB,43.5,0.3237704579687255,
random_forest,LGB,38.0,0.18980473864919073,
random_forest,SVM,47.0,0.4245187122345629,
random_forest,ANN,42.0,0.28369032559723123,
random_forest,LCS,47.0,0.42468878578082814,
random_forest,LCS_QRF,43.5,0.32364481592022276,
naive_bayes,XGB,4.0,0.00028043046882499805,*
naive_bayes,LGB,4.0,0.0002606093238408881,*
naive_bayes,SVM,5.0,0.00037035910399096716,*
naive_bayes,ANN,4.5,0.00031793355895260914,*
naive_bayes,LCS,9.5,0.001202089818366154,*
naive_bayes,LCS_QRF,12.0,0.0021875287667946952,*
XGB,LGB,45.5,0.37909437952545716,
XGB,SVM,46.5,0.40932088286481266,
XGB,ANN,49.0,0.4847345063037848,
XGB,LCS,46.5,0.409863860184884,
XGB,LCS_QRF,40.5,0.2460975260112676,
LGB,SVM,38.5,0.19832845809899713,
LGB,ANN,48.0,0.4541340849856113,
LGB,LCS,39.5,0.22242945652761142,
LGB,LCS_QRF,29.5,0.063616782198049,
SVM,ANN,46.5,0.4094916160442642,
SVM,LCS,49.0,0.4848219794392231,
SVM,LCS_QRF,40.0,0.23380556509274314,
ANN,LCS,47.5,0.43964375687067536,
ANN,LCS_QRF,42.5,0.29646167787402233,
LCS,LCS_QRF,37.5,0.18007969186475886,
