Algorithm 1,Algorithm 2,statistic,p-value,sig
logistic_regression,decision_tree,40.0,0.23337649413417266,
logistic_regression,random_forest,36.0,0.15052069876158464,
logistic_regression,naive_bayes,27.0,0.04238360679001138,*
logistic_regression,XGB,30.0,0.06760762524308978,
logistic_regression,LGB,24.0,0.025380540928142323,*
logistic_regression,SVM,36.0,0.15052069876158464,
logistic_regression,ANN,30.0,0.06760762524308978,
logistic_regression,LCS,30.0,0.06760762524308978,
logistic_regression,LCS_QRF,30.0,0.06760762524308978,
decision_tree,random_forest,7.0,0.0006574723348566069,*
decision_tree,naive_bayes,0.0,9.133589555477501e-05,*
decision_tree,XGB,2.0,0.00016491926038899677,*
decision_tree,LGB,2.0,0.00016491926038899677,*
decision_tree,SVM,15.0,0.004554248199015482,*
decision_tree,ANN,4.0,0.00029141997158963715,*
decision_tree,LCS,2.0,0.00016491926038899677,*
decision_tree,LCS_QRF,4.0,0.00029141997158963715,*
random_forest,naive_bayes,0.0,9.133589555477501e-05,*
random_forest,XGB,37.0,0.1723521110034788,
random_forest,LGB,38.0,0.19233653136775436,
random_forest,SVM,37.0,0.1723521110034788,
random_forest,ANN,49.0,0.4849249884965778,
random_forest,LCS,41.0,0.26026144163788634,
random_forest,LCS_QRF,48.0,0.45486094457277765,
naive_bayes,XGB,0.0,9.133589555477501e-05,*
naive_bayes,LGB,0.0,9.133589555477501e-05,*
naive_bayes,SVM,0.0,9.133589555477501e-05,*
naive_bayes,ANN,0.0,9.133589555477501e-05,*
naive_bayes,LCS,0.0,9.133589555477501e-05,*
naive_bayes,LCS_QRF,0.0,9.133589555477501e-05,*
XGB,LGB,47.0,0.42505336956926293,
XGB,SVM,29.0,0.06061225150645831,
XGB,ANN,38.0,0.19233653136775436,
XGB,LCS,49.0,0.4849249884965778,
XGB,LCS_QRF,40.0,0.23633779675579358,
LGB,SVM,29.0,0.06061225150645831,
LGB,ANN,41.0,0.26026144163788634,
LGB,LCS,48.0,0.45486094457277765,
LGB,LCS_QRF,38.0,0.19233653136775436,
SVM,ANN,30.0,0.07023252407917747,
SVM,LCS,28.0,0.05205494483011341,
SVM,LCS_QRF,38.0,0.19233653136775436,
ANN,LCS,45.0,0.3668649978481236,
ANN,LCS_QRF,49.0,0.4849249884965778,
LCS,LCS_QRF,40.0,0.23633779675579358,
