Algorithm 1,Algorithm 2,statistic,p-value,sig
logistic_regression,decision_tree,0.0,7.469638317577472e-05,*
logistic_regression,random_forest,0.0,7.469638317577472e-05,*
logistic_regression,naive_bayes,31.0,0.07820627133708444,
logistic_regression,XGB,0.0,7.469638317577472e-05,*
logistic_regression,LGB,0.0,7.469638317577472e-05,*
logistic_regression,SVM,0.0,7.469638317577472e-05,*
logistic_regression,ANN,0.0,7.469638317577472e-05,*
logistic_regression,LCS,0.0,7.469638317577472e-05,*
logistic_regression,LCS_QRF,0.0,7.469638317577472e-05,*
decision_tree,random_forest,5.0,0.00038426945658138323,*
decision_tree,naive_bayes,0.0,9.133589555477501e-05,*
decision_tree,XGB,1.0,0.00012306406395261486,*
decision_tree,LGB,1.0,0.00012306406395261486,*
decision_tree,SVM,13.0,0.002897679272167355,*
decision_tree,ANN,1.0,0.00012306406395261486,*
decision_tree,LCS,1.0,0.00012306406395261486,*
decision_tree,LCS_QRF,3.0,0.00021981937631328227,*
random_forest,naive_bayes,0.0,9.133589555477501e-05,*
random_forest,XGB,37.0,0.1723521110034788,
random_forest,LGB,39.0,0.21367765694890384,
random_forest,SVM,37.0,0.1723521110034788,
random_forest,ANN,49.0,0.4849249884965778,
random_forest,LCS,41.0,0.26026144163788634,
random_forest,LCS_QRF,48.0,0.45486094457277765,
naive_bayes,XGB,0.0,9.133589555477501e-05,*
naive_bayes,LGB,0.0,9.133589555477501e-05,*
naive_bayes,SVM,0.0,9.133589555477501e-05,*
naive_bayes,ANN,0.0,9.133589555477501e-05,*
naive_bayes,LCS,0.0,9.133589555477501e-05,*
naive_bayes,LCS_QRF,0.0,9.133589555477501e-05,*
XGB,LGB,47.0,0.42505336956926293,
XGB,SVM,30.0,0.07023252407917747,
XGB,ANN,38.0,0.19233653136775436,
XGB,LCS,50.0,0.4849249884965778,
XGB,LCS_QRF,40.0,0.23633779675579358,
LGB,SVM,28.0,0.05205494483011341,
LGB,ANN,40.0,0.23633779675579358,
LGB,LCS,47.0,0.42505336956926293,
LGB,LCS_QRF,39.0,0.21367765694890384,
SVM,ANN,30.0,0.07023252407917747,
SVM,LCS,28.0,0.05205494483011341,
SVM,LCS_QRF,36.0,0.15374472830934066,
ANN,LCS,45.0,0.3668649978481236,
ANN,LCS_QRF,49.0,0.4849249884965778,
LCS,LCS_QRF,40.0,0.23633779675579358,
