Algorithm 1,Algorithm 2,statistic,p-value,sig
logistic_regression,decision_tree,1.0,0.00010026753216473525,*
logistic_regression,random_forest,0.0,7.425685236497103e-05,*
logistic_regression,naive_bayes,47.5,0.43897384587696603,
logistic_regression,XGB,0.0,7.381925187623e-05,*
logistic_regression,LGB,0.0,7.425685236497103e-05,*
logistic_regression,SVM,0.0,7.425685236497103e-05,*
logistic_regression,ANN,0.0,7.469638317577472e-05,*
logistic_regression,LCS,0.0,7.381925187623e-05,*
logistic_regression,LCS_QRF,0.0,7.381925187623e-05,*
decision_tree,random_forest,4.0,0.00028726444853388784,*
decision_tree,naive_bayes,0.5,0.00010320717421099803,*
decision_tree,XGB,5.0,0.0003772704840575351,*
decision_tree,LGB,2.5,0.00018668770735874314,*
decision_tree,SVM,6.0,0.000497377801365362,*
decision_tree,ANN,4.0,0.00028864501379232104,*
decision_tree,LCS,4.0,0.00028588848272258617,*
decision_tree,LCS_QRF,4.5,0.0003270935989248172,*
random_forest,naive_bayes,0.0,8.981125249535405e-05,*
random_forest,XGB,46.0,0.3950498826551004,
random_forest,LGB,38.0,0.19125884594370862,
random_forest,SVM,48.5,0.4697463651251984,
random_forest,ANN,38.0,0.1917092121161605,
random_forest,LCS,37.0,0.1713502045031694,
random_forest,LCS_QRF,39.0,0.21271732163053314,
naive_bayes,XGB,0.0,8.930724418684081e-05,*
naive_bayes,LGB,0.0,8.981125249535405e-05,*
naive_bayes,SVM,0.0,8.981125249535405e-05,*
naive_bayes,ANN,0.0,9.031736040376755e-05,*
naive_bayes,LCS,0.0,8.930724418684081e-05,*
naive_bayes,LCS_QRF,0.0,8.930724418684081e-05,*
XGB,LGB,44.0,0.33833298717632176,
XGB,SVM,44.0,0.33833298717632176,
XGB,ANN,43.0,0.31112925733093866,
XGB,LCS,44.5,0.3521444753664976,
XGB,LCS_QRF,43.0,0.31093157936339233,
LGB,SVM,38.0,0.1914392215368918,
LGB,ANN,49.0,0.4848794663332071,
LGB,LCS,47.0,0.42474522201668896,
LGB,LCS_QRF,49.5,0.5,
SVM,ANN,37.5,0.18135863136927383,
SVM,LCS,40.0,0.23516499286753795,
SVM,LCS_QRF,39.5,0.2239900184658613,
ANN,LCS,48.5,0.4697463651251984,
ANN,LCS_QRF,48.5,0.4697463651251984,
LCS,LCS_QRF,46.5,0.4097627947214645,
