Algorithm 1,Algorithm 2,statistic,p-value,sig
logistic_regression,decision_tree,1.0,0.00010026753216473525,*
logistic_regression,random_forest,0.0,7.425685236497103e-05,*
logistic_regression,naive_bayes,47.5,0.43897384587696603,
logistic_regression,XGB,0.0,7.381925187623e-05,*
logistic_regression,LGB,0.0,7.425685236497103e-05,*
logistic_regression,SVM,0.0,7.469638317577472e-05,*
logistic_regression,ANN,0.0,7.469638317577472e-05,*
logistic_regression,LCS,0.0,7.381925187623e-05,*
logistic_regression,LCS_QRF,0.0,7.381925187623e-05,*
decision_tree,random_forest,4.0,0.00028726444853388784,*
decision_tree,naive_bayes,0.5,0.00010320717421099803,*
decision_tree,XGB,5.0,0.0003772704840575351,*
decision_tree,LGB,2.5,0.00018668770735874314,*
decision_tree,SVM,6.0,0.0004995747529338933,*
decision_tree,ANN,4.0,0.00028864501379232104,*
decision_tree,LCS,4.0,0.00028588848272258617,*
decision_tree,LCS_QRF,4.5,0.0003270935989248172,*
random_forest,naive_bayes,0.0,8.981125249535405e-05,*
random_forest,XGB,47.0,0.42468878578082814,
random_forest,LGB,39.0,0.2128050157999556,
random_forest,SVM,48.0,0.45472515858373996,
random_forest,ANN,39.0,0.21324231094325874,
random_forest,LCS,37.0,0.1713502045031694,
random_forest,LCS_QRF,39.0,0.21271732163053314,
naive_bayes,XGB,0.0,8.930724418684081e-05,*
naive_bayes,LGB,0.0,8.981125249535405e-05,*
naive_bayes,SVM,0.0,9.031736040376755e-05,*
naive_bayes,ANN,0.0,9.031736040376755e-05,*
naive_bayes,LCS,0.0,8.930724418684081e-05,*
naive_bayes,LCS_QRF,0.0,8.930724418684081e-05,*
XGB,LGB,44.0,0.33833298717632176,
XGB,SVM,44.0,0.3383906382966093,
XGB,ANN,43.0,0.31112925733093866,
XGB,LCS,44.5,0.3521444753664976,
XGB,LCS_QRF,42.0,0.28486656013661105,
LGB,SVM,38.5,0.20221975002319936,
LGB,ANN,49.0,0.48489088552594645,
LGB,LCS,46.5,0.4099645868690146,
LGB,LCS_QRF,49.5,0.5,
SVM,ANN,37.0,0.17180670162853712,
SVM,LCS,39.5,0.2239039981060696,
SVM,LCS_QRF,39.5,0.22407595987167234,
ANN,LCS,48.5,0.4697463651251984,
ANN,LCS_QRF,47.5,0.43971180583322056,
LCS,LCS_QRF,46.5,0.4097627947214645,
