Algorithm 1,Algorithm 2,statistic,p-value,sig
logistic_regression,decision_tree,43.5,0.3242703595784188,
logistic_regression,random_forest,40.0,0.23448785193232047,
logistic_regression,naive_bayes,23.0,0.02197305426921792,*
logistic_regression,XGB,40.0,0.23499618658617855,
logistic_regression,LGB,40.0,0.23508062949587089,
logistic_regression,SVM,40.0,0.2352492768237593,
logistic_regression,ANN,40.0,0.23516499286753795,
logistic_regression,LCS,40.0,0.2353334814868565,
logistic_regression,LCS_QRF,40.0,0.2353334814868565,
decision_tree,random_forest,11.5,0.0019264184206867656,*
decision_tree,naive_bayes,0.0,9.031736040376755e-05,*
decision_tree,XGB,15.0,0.004450492281496415,*
decision_tree,LGB,12.0,0.002232467087131028,*
decision_tree,SVM,17.0,0.006866138822052232,*
decision_tree,ANN,11.5,0.0019602841636960195,*
decision_tree,LCS,13.0,0.002861015095866981,*
decision_tree,LCS_QRF,9.0,0.001071725356741479,*
random_forest,naive_bayes,0.0,8.535014725993064e-05,*
random_forest,XGB,41.5,0.2676007751186984,
random_forest,LGB,47.0,0.42429014486547645,
random_forest,SVM,44.0,0.3373433945313946,
random_forest,ANN,46.5,0.40914917994454925,
random_forest,LCS,41.5,0.27107177544502625,
random_forest,LCS_QRF,36.5,0.16095049595549488,
naive_bayes,XGB,0.0,8.830550583446751e-05,*
naive_bayes,LGB,0.0,8.880533034448187e-05,*
naive_bayes,SVM,0.0,8.981125249535405e-05,*
naive_bayes,ANN,0.0,8.930724418684081e-05,*
naive_bayes,LCS,0.0,9.031736040376755e-05,*
naive_bayes,LCS_QRF,0.0,9.031736040376755e-05,*
XGB,LGB,41.5,0.2711488767219724,
XGB,SVM,48.0,0.4545709248200693,
XGB,ANN,39.0,0.21139240723169045,
XGB,LCS,39.0,0.21271732163053314,
XGB,LCS_QRF,35.5,0.14386663252880194,
LGB,SVM,40.0,0.23414735574432605,
LGB,ANN,48.0,0.45439769143585573,
LGB,LCS,43.5,0.3242703595784188,
LGB,LCS_QRF,41.0,0.2595528013251489,
SVM,ANN,39.5,0.22347270785095147,
SVM,LCS,37.0,0.1713502045031694,
SVM,LCS_QRF,30.5,0.07454002051335033,
ANN,LCS,45.5,0.38057320865490624,
ANN,LCS_QRF,39.5,0.22373172005138703,
LCS,LCS_QRF,42.5,0.2976571289336529,
