Algorithm 1,Algorithm 2,statistic,p-value,sig
logistic_regression,decision_tree,49.5,0.5,
logistic_regression,random_forest,38.5,0.2023971916253126,
logistic_regression,naive_bayes,44.5,0.35267568603175237,
logistic_regression,XGB,19.0,0.01051852810641966,*
logistic_regression,LGB,20.5,0.014123310657193073,*
logistic_regression,SVM,32.0,0.09293836618293788,
logistic_regression,ANN,44.5,0.35267568603175237,
logistic_regression,LCS,38.5,0.2027511500649954,
logistic_regression,LCS_QRF,43.5,0.3247660395832487,
decision_tree,random_forest,42.0,0.28383840523588394,
decision_tree,naive_bayes,50.0,0.48491364651063584,
decision_tree,XGB,25.0,0.03161141467553912,*
decision_tree,LGB,19.0,0.010494341864887418,*
decision_tree,SVM,32.5,0.0988751176062671,
decision_tree,ANN,38.0,0.1916192914940033,
decision_tree,LCS,36.0,0.15328924760403684,
decision_tree,LCS_QRF,49.0,0.48478717097289686,
random_forest,naive_bayes,42.0,0.2850849862481861,
random_forest,XGB,27.5,0.04740062435081269,*
random_forest,LGB,27.0,0.044066096434277634,*
random_forest,SVM,38.0,0.19134907199632484,
random_forest,ANN,30.0,0.06941057225360471,
random_forest,LCS,46.5,0.4101317169549247,
random_forest,LCS_QRF,45.5,0.37963846770316456,
naive_bayes,XGB,23.0,0.022577284812139504,*
naive_bayes,LGB,17.5,0.007743336848767448,*
naive_bayes,SVM,32.5,0.0992978793166076,
naive_bayes,ANN,38.5,0.2027511500649954,
naive_bayes,LCS,35.0,0.13651816987559418,
naive_bayes,LCS_QRF,48.0,0.4547932045221736,
XGB,LGB,44.0,0.3387352563864461,
XGB,SVM,38.0,0.19215767575907422,
XGB,ANN,12.5,0.0025543635291612223,*
XGB,LCS,27.5,0.04808927345291667,*
XGB,LCS_QRF,35.5,0.14386663252880194,
LGB,SVM,34.0,0.12057231310804212,
LGB,ANN,8.0,0.0008496973244634475,*
LGB,LCS,24.5,0.029295830855600266,*
LGB,LCS_QRF,32.0,0.09252434759251615,
SVM,ANN,19.5,0.01164511746445516,*
SVM,LCS,45.5,0.3811410627931685,
SVM,LCS_QRF,35.0,0.13552276275094965,
ANN,LCS,24.5,0.029343340635131856,*
ANN,LCS_QRF,42.5,0.297517575814569,
LCS,LCS_QRF,39.5,0.22441893831131543,
