Algorithm 1,Algorithm 2,statistic,p-value,sig
logistic_regression,decision_tree,43.5,0.3248277057011947,
logistic_regression,random_forest,39.0,0.21332953562448648,
logistic_regression,naive_bayes,40.0,0.23608777532022296,
logistic_regression,XGB,40.5,0.24790263804995538,
logistic_regression,LGB,28.0,0.05159925472927508,
logistic_regression,SVM,17.5,0.007723933773337981,*
logistic_regression,ANN,30.5,0.07492526498455471,
logistic_regression,LCS,36.0,0.1531979498062671,
logistic_regression,LCS_QRF,11.0,0.0017551110397469932,*
decision_tree,random_forest,38.0,0.1917092121161605,
decision_tree,naive_bayes,37.5,0.18144942114216112,
decision_tree,XGB,33.5,0.11271337246364549,
decision_tree,LGB,28.0,0.05153412188308489,
decision_tree,SVM,15.5,0.004983835585666814,*
decision_tree,ANN,40.0,0.2353334814868565,
decision_tree,LCS,38.5,0.20213091324904564,
decision_tree,LCS_QRF,27.0,0.04412616156048907,*
random_forest,naive_bayes,46.5,0.4101317169549247,
random_forest,XGB,46.5,0.41006497666209457,
random_forest,LGB,38.0,0.1916192914940033,
random_forest,SVM,17.5,0.007704551629779963,*
random_forest,ANN,21.5,0.01697812333664905,*
random_forest,LCS,47.0,0.4248577149268124,
random_forest,LCS_QRF,11.0,0.001773818419258988,*
naive_bayes,XGB,46.0,0.3953605069814869,
naive_bayes,LGB,35.0,0.13606663099762023,
naive_bayes,SVM,13.5,0.003210736835788799,*
naive_bayes,ANN,19.5,0.011489658016176591,*
naive_bayes,LCS,48.5,0.46976923195075276,
naive_bayes,LCS_QRF,1.0,0.00012174335714866438,*
XGB,LGB,42.0,0.28486656013661105,
XGB,SVM,23.5,0.024427003510611257,*
XGB,ANN,19.0,0.010373729390971677,*
XGB,LCS,49.0,0.4848965854289707,
XGB,LCS_QRF,4.0,0.00028451710911023807,*
LGB,SVM,27.5,0.047964111974754045,*
LGB,ANN,12.0,0.0022400075112534424,*
LGB,LCS,40.0,0.23541760697889336,
LGB,LCS_QRF,0.0,8.981125249535405e-05,*
SVM,ANN,2.5,0.00018668770735874314,*
SVM,LCS,18.5,0.009464873171081514,*
SVM,LCS_QRF,0.0,8.981125249535405e-05,*
ANN,LCS,22.5,0.020320484171945527,*
ANN,LCS_QRF,26.0,0.03728100639399196,*
LCS,LCS_QRF,3.5,0.0002471486413551734,*
