Algorithm 1,Algorithm 2,statistic,p-value,sig
logistic_regression,decision_tree,38.5,0.20132788352842723,
logistic_regression,random_forest,43.5,0.3219866781272602,
logistic_regression,naive_bayes,38.5,0.20042817249589706,
logistic_regression,XGB,33.5,0.11086266384425963,
logistic_regression,LGB,44.0,0.3372846166021449,
logistic_regression,SVM,18.0,0.008420086798594998,*
logistic_regression,ANN,13.5,0.003072441814768596,*
logistic_regression,LCS,44.5,0.3513367846289491,
logistic_regression,LCS_QRF,0.5,9.597796634000028e-05,*
decision_tree,random_forest,38.5,0.20060874757688735,
decision_tree,naive_bayes,32.5,0.09853613655568577,
decision_tree,XGB,49.0,0.4848508046905079,
decision_tree,LGB,41.5,0.2718393241902658,
decision_tree,SVM,13.5,0.003190779771231807,*
decision_tree,ANN,35.5,0.14340863478980287,
decision_tree,LCS,39.0,0.2128050157999556,
decision_tree,LCS_QRF,12.5,0.002271492016255969,*
random_forest,naive_bayes,43.0,0.30871546185920684,
random_forest,XGB,30.5,0.07384488929254422,
random_forest,LGB,41.5,0.2690395766112047,
random_forest,SVM,12.5,0.002382397145309768,*
random_forest,ANN,16.5,0.005976381018557995,*
random_forest,LCS,43.0,0.30986674235234124,
random_forest,LCS_QRF,1.5,0.00012529962015340332,*
naive_bayes,XGB,23.0,0.021852638976755476,*
naive_bayes,LGB,32.5,0.09760039421027095,
naive_bayes,SVM,16.5,0.006107078191981864,*
naive_bayes,ANN,5.5,0.00041709370271380083,*
naive_bayes,LCS,36.5,0.160208868151129,
naive_bayes,LCS_QRF,0.0,8.390025812906869e-05,*
XGB,LGB,38.0,0.19134907199632484,
XGB,SVM,7.5,0.0007310886186596758,*
XGB,ANN,27.5,0.046774056564927925,*
XGB,LCS,34.5,0.12661973588354758,
XGB,LCS_QRF,1.5,0.00013087372883353657,*
LGB,SVM,13.0,0.002770472873537064,*
LGB,ANN,15.0,0.004386253486150079,*
LGB,LCS,45.5,0.3799971403663247,
LGB,LCS_QRF,0.0,8.390025812906869e-05,*
SVM,ANN,2.5,0.00018290175953398368,*
SVM,LCS,16.0,0.005481687266764716,*
SVM,LCS_QRF,0.0,8.438150966477079e-05,*
ANN,LCS,10.5,0.0014973696281166068,*
ANN,LCS_QRF,3.0,0.0001946594521146778,*
LCS,LCS_QRF,0.0,8.294386391768016e-05,*
