Algorithm 1,Algorithm 2,statistic,p-value,sig
logistic_regression,decision_tree,40.0,0.23633779675579358,
logistic_regression,random_forest,37.5,0.18208286732008583,
logistic_regression,naive_bayes,35.0,0.13651816987559418,
logistic_regression,XGB,37.0,0.1723521110034788,
logistic_regression,LGB,22.0,0.01874583288988788,*
logistic_regression,SVM,16.0,0.005649475959134955,*
logistic_regression,ANN,25.5,0.03476872501849061,*
logistic_regression,LCS,34.0,0.12066079650859002,
logistic_regression,LCS_QRF,0.0,9.133589555477501e-05,*
decision_tree,random_forest,38.5,0.2027511500649954,
decision_tree,naive_bayes,33.5,0.11315071588499165,
decision_tree,XGB,28.5,0.05613775299027845,
decision_tree,LGB,25.0,0.032011050641513446,*
decision_tree,SVM,15.0,0.004541213333820386,*
decision_tree,ANN,41.0,0.26026144163788634,
decision_tree,LCS,32.0,0.09293836618293788,
decision_tree,LCS_QRF,13.5,0.003240797585854522,*
random_forest,naive_bayes,47.5,0.4398921505284963,
random_forest,XGB,40.5,0.24790263804995538,
random_forest,LGB,33.0,0.10597495308252108,
random_forest,SVM,16.0,0.005649475959134955,*
random_forest,ANN,16.0,0.005664848342237332,*
random_forest,LCS,48.0,0.4548271126400856,
random_forest,LCS_QRF,2.0,0.00016491926038899677,*
naive_bayes,XGB,42.5,0.2982815798813098,
naive_bayes,LGB,34.0,0.12048377555860673,
naive_bayes,SVM,12.0,0.0022855542308096084,*
naive_bayes,ANN,12.5,0.002571091809865094,*
naive_bayes,LCS,44.5,0.35267568603175237,
naive_bayes,LCS_QRF,0.0,9.133589555477501e-05,*
XGB,LGB,47.5,0.4398921505284963,
XGB,SVM,26.0,0.0377757927648433,*
XGB,ANN,18.0,0.008628728041559883,*
XGB,LCS,46.5,0.4102647530547058,
XGB,LCS_QRF,0.0,9.133589555477501e-05,*
LGB,SVM,27.0,0.044426454239524814,*
LGB,ANN,6.5,0.0005735505727391063,*
LGB,LCS,37.5,0.18208286732008583,
LGB,LCS_QRF,0.0,9.133589555477501e-05,*
SVM,ANN,2.0,0.00016406665741007116,*
SVM,LCS,15.5,0.005054285964439421,*
SVM,LCS_QRF,0.0,9.082557304573249e-05,*
ANN,LCS,11.0,0.0018052571561648014,*
ANN,LCS_QRF,13.5,0.003240797585854522,*
LCS,LCS_QRF,0.0,9.133589555477501e-05,*
