Algorithm 1,Algorithm 2,statistic,p-value,sig
logistic_regression,decision_tree,42.0,0.28537519402908695,
logistic_regression,random_forest,45.0,0.3668649978481236,
logistic_regression,naive_bayes,48.5,0.46986018347387204,
logistic_regression,XGB,15.0,0.004554248199015482,*
logistic_regression,LGB,20.5,0.014153021614161699,*
logistic_regression,SVM,49.0,0.4849249884965778,
logistic_regression,ANN,34.0,0.12066079650859002,
logistic_regression,LCS,40.0,0.23633779675579358,
logistic_regression,LCS_QRF,17.0,0.007009638556979976,*
decision_tree,random_forest,48.0,0.45486094457277765,
decision_tree,naive_bayes,39.0,0.21367765694890384,
decision_tree,XGB,29.0,0.06061225150645831,
decision_tree,LGB,30.0,0.07023252407917747,
decision_tree,SVM,45.0,0.3668649978481236,
decision_tree,ANN,49.0,0.4849249884965778,
decision_tree,LCS,50.0,0.4849249884965778,
decision_tree,LCS_QRF,24.0,0.026861099616046116,*
random_forest,naive_bayes,40.0,0.23633779675579358,
random_forest,XGB,22.5,0.02058688376355167,*
random_forest,LGB,29.0,0.06047231621499348,
random_forest,SVM,43.0,0.3115881119410587,
random_forest,ANN,49.0,0.4849249884965778,
random_forest,LCS,47.5,0.4398921505284963,
random_forest,LCS_QRF,22.0,0.01881765689365712,*
naive_bayes,XGB,12.0,0.002293196040126747,*
naive_bayes,LGB,18.0,0.008628728041559883,*
naive_bayes,SVM,47.0,0.42505336956926293,
naive_bayes,ANN,27.0,0.04448650585090664,*
naive_bayes,LCS,35.0,0.13651816987559418,
naive_bayes,LCS_QRF,13.0,0.002897679272167355,*
XGB,LGB,40.0,0.23633779675579358,
XGB,SVM,24.0,0.026951278584693587,*
XGB,ANN,19.0,0.01056696406458055,*
XGB,LCS,18.0,0.008628728041559883,*
XGB,LCS_QRF,47.0,0.42505336956926293,
LGB,SVM,25.0,0.032011050641513446,*
LGB,ANN,25.0,0.032011050641513446,*
LGB,LCS,27.5,0.04808927345291667,*
LGB,LCS_QRF,41.0,0.26026144163788634,
SVM,ANN,45.0,0.3668649978481236,
SVM,LCS,43.0,0.3115881119410587,
SVM,LCS_QRF,24.0,0.026951278584693587,*
ANN,LCS,46.0,0.3956683900503302,
ANN,LCS_QRF,13.0,0.002897679272167355,*
LCS,LCS_QRF,21.0,0.015604506385870109,*
