Algorithm 1,Algorithm 2,statistic,p-value,sig
logistic_regression,decision_tree,41.5,0.27199191578184867,
logistic_regression,random_forest,37.5,0.1809035607731016,
logistic_regression,naive_bayes,33.5,0.11157034641526326,
logistic_regression,XGB,37.0,0.1711670965820703,
logistic_regression,LGB,23.0,0.02217406904804963,*
logistic_regression,SVM,16.5,0.0061399571533001145,*
logistic_regression,ANN,25.5,0.03408706640884944,*
logistic_regression,LCS,32.0,0.09235846791688418,
logistic_regression,LCS_QRF,0.5,9.543777808133393e-05,*
decision_tree,random_forest,37.0,0.17171554729528238,
decision_tree,naive_bayes,34.0,0.11977352107251349,
decision_tree,XGB,29.5,0.06456093525443718,
decision_tree,LGB,27.5,0.04777632953927463,*
decision_tree,SVM,15.0,0.004476319065305992,*
decision_tree,ANN,40.5,0.24757726726288715,
decision_tree,LCS,32.5,0.0989597556438942,
decision_tree,LCS_QRF,12.5,0.002302873676657068,*
random_forest,naive_bayes,49.5,0.5,
random_forest,XGB,41.5,0.2713797171534707,
random_forest,LGB,34.5,0.12743256479796256,
random_forest,SVM,16.0,0.005301397901707905,*
random_forest,ANN,16.0,0.005542423339176193,*
random_forest,LCS,46.5,0.40993104883291914,
random_forest,LCS_QRF,1.5,0.00012946363614550483,*
naive_bayes,XGB,42.0,0.2845742919608737,
naive_bayes,LGB,33.0,0.1044188396247645,
naive_bayes,SVM,15.5,0.004886016915876181,*
naive_bayes,ANN,11.5,0.0019331641175039022,*
naive_bayes,LCS,43.5,0.3237704579687255,
naive_bayes,LCS_QRF,0.0,8.152446776826874e-05,*
XGB,LGB,47.5,0.439689148425556,
XGB,SVM,25.5,0.03413946420777748,*
XGB,ANN,18.5,0.009442404257384011,*
XGB,LCS,44.5,0.35235764768935196,
XGB,LCS_QRF,0.5,9.652040488906901e-05,*
LGB,SVM,29.5,0.06456093525443718,
LGB,ANN,5.0,0.00037901199666461386,*
LGB,LCS,36.5,0.16214593216797563,
LGB,LCS_QRF,0.0,8.390025812906869e-05,*
SVM,ANN,1.5,0.0001403126689794241,*
SVM,LCS,17.5,0.007646531044965807,*
SVM,LCS_QRF,0.0,8.342104459086457e-05,*
ANN,LCS,10.0,0.001398120955692091,*
ANN,LCS_QRF,13.5,0.002937432949434661,*
LCS,LCS_QRF,0.0,8.390025812906869e-05,*
