Algorithm 1,Algorithm 2,statistic,p-value,sig
logistic_regression,decision_tree,37.0,0.1723521110034788,
logistic_regression,random_forest,44.0,0.33879247897623777,
logistic_regression,naive_bayes,43.0,0.3115881119410587,
logistic_regression,XGB,17.0,0.007009638556979976,*
logistic_regression,LGB,27.5,0.04808927345291667,*
logistic_regression,SVM,31.0,0.08098620524006306,
logistic_regression,ANN,15.0,0.004541213333820386,*
logistic_regression,LCS,38.0,0.19233653136775436,
logistic_regression,LCS_QRF,1.0,0.00012306406395261486,*
decision_tree,random_forest,42.0,0.28537519402908695,
decision_tree,naive_bayes,32.5,0.0992978793166076,
decision_tree,XGB,43.0,0.3115881119410587,
decision_tree,LGB,48.0,0.45486094457277765,
decision_tree,SVM,23.0,0.022577284812139504,*
decision_tree,ANN,36.0,0.15365376636235417,
decision_tree,LCS,44.0,0.33879247897623777,
decision_tree,LCS_QRF,13.5,0.003240797585854522,*
random_forest,naive_bayes,41.5,0.27259925509003563,
random_forest,XGB,27.5,0.04808927345291667,*
random_forest,LGB,36.0,0.15356273739136644,
random_forest,SVM,28.0,0.05205494483011341,
random_forest,ANN,20.0,0.012846222274454106,*
random_forest,LCS,47.5,0.4398921505284963,
random_forest,LCS_QRF,2.0,0.00016491926038899677,*
naive_bayes,XGB,12.0,0.002293196040126747,*
naive_bayes,LGB,21.0,0.015604506385870109,*
naive_bayes,SVM,38.5,0.2027511500649954,
naive_bayes,ANN,7.0,0.0006547115618857164,*
naive_bayes,LCS,35.0,0.1363377375962576,
naive_bayes,LCS_QRF,0.0,9.133589555477501e-05,*
XGB,LGB,39.0,0.21367765694890384,
XGB,SVM,5.0,0.00038426945658138323,*
XGB,ANN,33.0,0.10606095893069767,
XGB,LCS,25.0,0.032011050641513446,*
XGB,LCS_QRF,2.0,0.00016491926038899677,*
LGB,SVM,10.5,0.0015928245399472267,*
LGB,ANN,23.0,0.022536893158116134,*
LGB,LCS,37.5,0.18208286732008583,
LGB,LCS_QRF,0.0,9.133589555477501e-05,*
SVM,ANN,4.0,0.00029003018573533606,*
SVM,LCS,23.0,0.022577284812139504,*
SVM,LCS_QRF,0.0,9.133589555477501e-05,*
ANN,LCS,14.0,0.0036312979509480793,*
ANN,LCS_QRF,4.0,0.00029003018573533606,*
LCS,LCS_QRF,0.0,9.133589555477501e-05,*
