Algorithm 1,Algorithm 2,statistic,p-value,sig
logistic_regression,decision_tree,37.5,0.18190225356775358,
logistic_regression,random_forest,43.0,0.3111950127145162,
logistic_regression,naive_bayes,37.0,0.17198879328001915,
logistic_regression,XGB,32.0,0.09293836618293788,
logistic_regression,LGB,43.5,0.3248277057011947,
logistic_regression,SVM,17.0,0.007009638556979976,*
logistic_regression,ANN,14.5,0.004015798835253775,*
logistic_regression,LCS,45.0,0.36672031294839225,
logistic_regression,LCS_QRF,0.5,0.0001049307241511591,*
decision_tree,random_forest,37.5,0.18199259743545926,
decision_tree,naive_bayes,32.5,0.0992978793166076,
decision_tree,XGB,48.0,0.4548271126400856,
decision_tree,LGB,43.0,0.311326318285027,
decision_tree,SVM,12.0,0.002293196040126747,*
decision_tree,ANN,34.0,0.12012908308332199,
decision_tree,LCS,37.0,0.1722613895490645,
decision_tree,LCS_QRF,14.0,0.003609388947230073,*
random_forest,naive_bayes,38.5,0.2023085094459166,
random_forest,XGB,29.5,0.06514034876426138,
random_forest,LGB,43.0,0.31112925733093866,
random_forest,SVM,12.0,0.0022855542308096084,*
random_forest,ANN,18.0,0.008586830498033986,*
random_forest,LCS,44.5,0.3525699015067423,
random_forest,LCS_QRF,2.0,0.00016321722495077625,*
naive_bayes,XGB,23.0,0.022577284812139504,*
naive_bayes,LGB,31.0,0.08074940614849735,
naive_bayes,SVM,17.0,0.007009638556979976,*
naive_bayes,ANN,7.5,0.000743287906775533,*
naive_bayes,LCS,37.5,0.18199259743545926,
naive_bayes,LCS_QRF,0.0,9.082557304573249e-05,*
XGB,LGB,36.5,0.1626936598735262,
XGB,SVM,8.5,0.0009660542805172594,*
XGB,ANN,27.0,0.04430634394964009,*
XGB,LCS,31.5,0.08664687158487239,
XGB,LCS_QRF,2.0,0.00016406665741007116,*
LGB,SVM,11.0,0.0017989434225398134,*
LGB,ANN,15.5,0.004997887079527249,*
LGB,LCS,44.5,0.35246388899902525,
LGB,LCS_QRF,0.0,9.031736040376755e-05,*
SVM,ANN,2.0,0.00016406665741007116,*
SVM,LCS,16.0,0.005603477398825205,*
SVM,LCS_QRF,0.0,9.082557304573249e-05,*
ANN,LCS,12.5,0.0025543635291612223,*
ANN,LCS_QRF,4.0,0.00028451710911023807,*
LCS,LCS_QRF,0.0,9.031736040376755e-05,*
