Algorithm 1,Algorithm 2,statistic,p-value,sig
logistic_regression,decision_tree,40.0,0.23541760697889336,
logistic_regression,random_forest,47.5,0.43939225818006805,
logistic_regression,naive_bayes,44.0,0.3372257749992261,
logistic_regression,XGB,31.5,0.08567316547529497,
logistic_regression,LGB,46.0,0.3949717934764005,
logistic_regression,SVM,17.0,0.006777125014879288,*
logistic_regression,ANN,17.5,0.007550251082667677,*
logistic_regression,LCS,46.5,0.40979652096858155,
logistic_regression,LCS_QRF,1.5,0.00013589698009128213,*
decision_tree,random_forest,38.0,0.19134907199632484,
decision_tree,naive_bayes,33.0,0.10502580128238403,
decision_tree,XGB,44.5,0.35182298014780533,
decision_tree,LGB,47.5,0.43971180583322056,
decision_tree,SVM,11.5,0.0019264184206867656,*
decision_tree,ANN,29.5,0.06448842213564376,
decision_tree,LCS,44.0,0.3382174998621251,
decision_tree,LCS_QRF,17.0,0.006848294477118706,*
random_forest,naive_bayes,43.0,0.30959771818469517,
random_forest,XGB,31.5,0.08567316547529497,
random_forest,LGB,45.0,0.36554560692468596,
random_forest,SVM,13.0,0.002725801698500974,*
random_forest,ANN,19.5,0.011412213962780481,*
random_forest,LCS,48.0,0.454588139782696,
random_forest,LCS_QRF,4.5,0.00031642431447241896,*
naive_bayes,XGB,24.5,0.028679162228301247,*
naive_bayes,LGB,38.5,0.20096894664512038,
naive_bayes,SVM,19.5,0.011155457743941605,*
naive_bayes,ANN,14.0,0.0035224488036266184,*
naive_bayes,LCS,42.5,0.29737773466806594,
naive_bayes,LCS_QRF,1.0,0.00011592775889235597,*
XGB,LGB,41.0,0.2593151999108453,
XGB,SVM,7.0,0.000588143870812996,*
XGB,ANN,29.0,0.05928036116589422,
XGB,LCS,39.0,0.21227766880978677,
XGB,LCS_QRF,9.0,0.0010551565392217556,*
LGB,SVM,10.0,0.0013471526975911358,*
LGB,ANN,22.5,0.019979205166371517,*
LGB,LCS,48.5,0.4697349122365058,
LGB,LCS_QRF,2.5,0.0001819639059650511,*
SVM,ANN,2.0,0.00015246023865506946,*
SVM,LCS,19.5,0.011334961682246271,*
SVM,LCS_QRF,0.0,8.294386391768016e-05,*
ANN,LCS,23.0,0.02189276115286181,*
ANN,LCS_QRF,18.0,0.008213578708677382,*
LCS,LCS_QRF,4.0,0.00027371056607912783,*
