Algorithm 1,Algorithm 2,statistic,p-value,sig
logistic_regression,decision_tree,48.0,0.45486094457277765,
logistic_regression,random_forest,39.5,0.22476066288351298,
logistic_regression,naive_bayes,40.0,0.23633779675579358,
logistic_regression,XGB,25.0,0.032011050641513446,*
logistic_regression,LGB,23.0,0.022496516938677186,*
logistic_regression,SVM,27.5,0.04808927345291667,*
logistic_regression,ANN,47.0,0.42499762424381904,
logistic_regression,LCS,33.5,0.11315071588499165,
logistic_regression,LCS_QRF,43.0,0.31145735104705063,
decision_tree,random_forest,42.0,0.2852302364492389,
decision_tree,naive_bayes,49.0,0.4849249884965778,
decision_tree,XGB,28.0,0.05205494483011341,
decision_tree,LGB,20.5,0.014153021614161699,*
decision_tree,SVM,26.5,0.040991832824288824,*
decision_tree,ANN,44.0,0.3386779729030972,
decision_tree,LCS,35.5,0.14486853141106892,
decision_tree,LCS_QRF,42.0,0.2852302364492389,
random_forest,naive_bayes,41.0,0.260104502890281,
random_forest,XGB,33.0,0.10597495308252108,
random_forest,LGB,27.0,0.0443664002566314,*
random_forest,SVM,33.0,0.10597495308252108,
random_forest,ANN,32.5,0.0992978793166076,
random_forest,LCS,44.5,0.35267568603175237,
random_forest,LCS_QRF,26.5,0.0408767914999751,*
naive_bayes,XGB,24.0,0.026861099616046116,*
naive_bayes,LGB,22.0,0.01881765689365712,*
naive_bayes,SVM,29.0,0.06047231621499348,
naive_bayes,ANN,39.0,0.21367765694890384,
naive_bayes,LCS,37.0,0.17217059616919178,
naive_bayes,LCS_QRF,37.5,0.18208286732008583,
XGB,LGB,49.0,0.4849249884965778,
XGB,SVM,49.5,0.5,
XGB,ANN,21.0,0.015604506385870109,*
XGB,LCS,33.5,0.11315071588499165,
XGB,LCS_QRF,15.5,0.00506843383928741,*
LGB,SVM,47.5,0.4398921505284963,
LGB,ANN,9.0,0.0011011099712485391,*
LGB,LCS,29.0,0.06047231621499348,
LGB,LCS_QRF,0.5,0.00010550990843750722,*
SVM,ANN,19.5,0.01164511746445516,*
SVM,LCS,38.5,0.2027511500649954,
SVM,LCS_QRF,12.5,0.002571091809865094,*
ANN,LCS,23.0,0.022496516938677186,*
ANN,LCS_QRF,44.5,0.3525699015067423,
LCS,LCS_QRF,13.0,0.002897679272167355,*
